Country Name,Country Code,Series Name,Series Code,2020 [YR2020],2019 [YR2019],2018 [YR2018],2017 [YR2017],2016 [YR2016],2015 [YR2015],2014 [YR2014],2013 [YR2013],2012 [YR2012],2011 [YR2011],2010 [YR2010],2009 [YR2009],2008 [YR2008],2007 [YR2007],2006 [YR2006],2005 [YR2005],2004 [YR2004],2003 [YR2003],2002 [YR2002],2001 [YR2001],2000 [YR2000],1999 [YR1999],1998 [YR1998],1997 [YR1997],1996 [YR1996],1995 [YR1995],1994 [YR1994],1993 [YR1993],1992 [YR1992],1991 [YR1991],1990 [YR1990],1989 [YR1989],1988 [YR1988],1987 [YR1987],1986 [YR1986],1985 [YR1985],1984 [YR1984],1983 [YR1983],1982 [YR1982],1981 [YR1981],1980 [YR1980],1979 [YR1979],1978 [YR1978],1977 [YR1977],1976 [YR1976],1975 [YR1975],1974 [YR1974],1973 [YR1973],1972 [YR1972],1971 [YR1971],1970 [YR1970],1969 [YR1969],1968 [YR1968],1967 [YR1967],1966 [YR1966],1965 [YR1965],1964 [YR1964],1963 [YR1963],1962 [YR1962],1961 [YR1961],1960 [YR1960]
Canada,CAN,Adjusted net national income per capita (annual % growth),NY.ADJ.NNTY.PC.KD.ZG,..,..,0.156608433295702,4.12127488171245,-0.414829629757932,-3.12688664125666,1.27405387922698,1.61567235835921,0.211029060094958,3.4538931882587,4.33733373295378,-7.3373287181211,0.291206664716782,1.97308995573144,2.52308565745221,3.59779167969671,3.73560157698137,2.88235970073754,2.10938750541403,-0.427824188290799,6.29593599011233,5.16104430376325,1.13568917073499,3.4030465198837,0.564719054647128,3.00719554957405,3.21294528576838,1.37759480932276,-1.41065170469547,-2.90609878743061,-2.37825071831337,0.650402561697987,3.29870576550152,3.81916393157996,0.925857447684876,3.8463421772522,4.55107375534209,2.43087567366555,-4.10686189014385,1.86301092360719,0.310161843162376,0.253629700488816,1.6926054165715,0.807655638569372,4.20427346955007,1.11210676489624,2.32941589726015,5.97466739597591,5.34550192323799,1.86051964684123,..,..,..,..,..,..,..,..,..,..,..
Canada,CAN,Adjusted net national income per capita (constant 2010 US$),NY.ADJ.NNTY.PC.KD,..,..,41414.8276097198,41350.0699130623,39713.3726609075,39878.8017465446,41166.0164145486,40648.1372451434,40001.8385961106,39917.600858207,38584.9189702001,36980.9325096962,39909.2018372755,39793.3210343115,39023.3551337775,38062.993211267,36741.1241051837,35418.0469835309,34425.772393396,33714.6008162773,33859.4597752203,31853.9551487367,30290.6417101801,29950.4971573824,28964.8111592371,28802.1598742772,27961.3086450991,27090.8930732302,26722.7616952093,27105.1205401689,27916.3986632149,28596.495011232,28411.7045569714,27504.4148389127,26492.6183156695,26249.5845818323,25277.3319035423,24177.0179832809,23603.2522657586,24614.1201873261,24163.9432843642,24089.2276917519,24028.2848249178,23628.3500914239,23439.0433362916,22493.3609302893,22245.9620810695,21739.557375569,20513.9189485152,19472.9898989546,19117.3086162029,..,..,..,..,..,..,..,..,..,..
Canada,CAN,"Adolescent fertility rate (births per 1,000 women ages 15-19)",SP.ADO.TFRT,..,..,8.0346,8.387,9.0084,9.6298,10.2512,10.8726,11.494,11.9306,12.3672,12.8038,13.2404,13.677,13.8706,14.0642,14.2578,14.4514,14.645,15.7394,16.8338,17.9282,19.0226,20.117,21.1218,22.1266,23.1314,24.1362,25.141,24.7604,24.3798,23.9992,23.6186,23.238,23.5704,23.9028,24.2352,24.5676,24.9,25.9618,27.0236,28.0854,29.1472,30.209,31.6048,33.0006,34.3964,35.7922,37.188,38.7602,40.3324,41.9046,43.4768,45.049,46.8584,48.6678,50.4772,52.2866,54.096,54.8606,55.6252
Canada,CAN,Agricultural land (% of land area),AG.LND.AGRI.ZS,..,..,6.49137424307826,6.47185517071381,6.47475514717938,6.46750520601544,6.45947450195693,6.45155533545478,6.44363616895263,6.43568354118357,6.50040878514409,6.56465441761223,6.62890005008036,6.6931456825485,6.75739131501664,6.87695957544345,6.89313252111685,6.90930546679025,6.92547841246365,6.83816244106634,6.83580221714355,6.83312531579071,6.83044841443787,6.82777151308503,6.82520614928856,6.83290224067797,6.84048679451101,6.84807134834406,6.8556559021771,6.86326793886403,6.84874057368227,6.83468684157986,6.82063310947746,6.80657937737505,6.79251359921656,6.80133711222574,6.81003704162247,6.8187369710192,6.82743690041592,6.83613682981265,6.87740572566892,6.91923230930703,6.96105889294514,7.00288547658325,7.04459940728943,7.04147747108668,7.03846595706473,7.03545444304279,7.03244292902084,7.0294314149989,7.04482359777773,7.05988116788745,7.07493873799717,7.08999630810688,7.1050538782166,7.09278474701609,7.04404283488315,6.9953009227502,6.94655901061726,6.89781709848432,..
Canada,CAN,"Agricultural machinery, tractors per 100 sq. km of arable land",AG.LND.TRAC.ZS,..,..,..,..,..,..,..,..,..,..,..,..,..,..,186.641040653718,185.038873182552,183.462664897745,181.912516756864,180.389018835406,178.890544104718,177.930731493007,176.61551972288,175.301718883335,174.233009235568,173.247034754865,173.923619557285,174.918614255867,175.911098170525,176.901080792905,177.685145747725,181.303937921532,185.997102848865,182.359607455453,178.731397196937,175.106183409894,172.555464256368,169.993685948808,167.406901264093,164.794742262985,162.059736803194,163.142743696645,164.209316273491,165.315331185826,163.631133414436,161.956555033694,160.241704219582,158.557558945908,158.667937751211,156.401654174205,154.595519601742,154.907796997559,155.235988968101,155.560913308659,155.925113582955,156.405963902694,154.815352149829,153.676466675535,152.432367149758,151.178827670231,150.174542474734,..
Canada,CAN,"Agriculture, forestry, and fishing, value added (% of GDP)",NV.AGR.TOTL.ZS,..,..,..,..,1.86222589313529,1.86983594598587,1.58654807741954,1.89423151227836,1.81134574390941,1.60566397841261,1.33166399038343,1.37593987360953,1.59765457919092,1.40702572302311,1.49845162232854,1.65903567184276,1.93354913201005,1.81002097867981,1.74307159935836,1.87601106527372,1.86559480688654,1.96334739730282,1.93386287134787,1.91912822214847,..,..,..,..,..,..,..,..,..,..,..,..,..,..,..,..,..,..,..,..,..,..,..,..,..,..,..,..,..,..,..,..,..,..,..,..,..
Canada,CAN,"Agriculture, forestry, and fishing, value added (annual % growth)",NV.AGR.TOTL.KD.ZG,..,2.11288596792194,0.992786687245029,1.24433677114877,4.11445268418507,4.35443834415767,-6.66529083093064,17.0891612462929,1.30080770850851,4.08742045384822,1.30385569911664,-5.08209819983527,7.20525402055243,..,..,..,..,..,..,..,..,..,..,..,..,..,..,..,..,..,..,..,..,..,..,..,..,..,..,..,..,..,..,..,..,..,..,..,..,..,..,..,..,..,..,..,..,..,..,..,..
Canada,CAN,Alternative and nuclear energy (% of total energy use),EG.USE.COMM.CL.ZS,..,..,..,..,..,19.770846389418,19.6911106025197,19.9124179587462,19.3476444265948,18.7090675546932,18.5611489895503,18.8995838496017,19.1858909870596,18.7328027251019,18.8124291062956,18.3190190431293,17.9515467277676,16.794572545027,17.6893420791713,17.3889740707515,17.189100712956,17.5201510983779,17.4820590967001,18.9909790101634,20.3266127224929,20.80666225231,21.9155306805766,21.2060513021278,20.1521900316539,21.1936278426576,19.6748767531568,21.3551502891862,22.8844956931233,23.6551005459437,23.4105370426692,21.9981653898672,20.7079640539831,20.2903840434955,18.4310734805469,18.1543859380053,16.6724529153813,16.1711476668601,15.8768878740282,14.6990773037336,13.4598281136785,12.5819807017825,13.7050878587087,13.060352475236,11.4758929042638,10.6709400838995,10.0432860347237,10.2220142053883,9.8132609972187,10.1884711708129,10.7002281092167,10.0463599147939,10.4184603448018,10.1501300397881,10.8947139884535,11.4525434474147,12.0622959554344
Canada,CAN,Armed forces personnel (% of total labor force),MS.MIL.TOTL.TF.ZS,..,..,0.355775301950774,0.357036578546237,0.339391786789152,0.343010027326466,0.358882293304887,0.337338851382263,0.342853153293177,0.344677634340469,0.347274969783906,0.351223695698191,0.34452328824008,0.350185231572569,0.357295764576927,0.40119506403497,0.404500806409389,0.35517661849257,0.363567663512934,0.401616698602587,0.423091167067028,0.439018150811616,0.446944436723817,0.471944184128601,0.526260150704288,0.503735059048462,0.502303362298154,0.513459392118128,0.557250374428079,0.583414265102899,0.593222008972926,..,..,..,..,..,..,..,..,..,..,..,..,..,..,..,..,..,..,..,..,..,..,..,..,..,..,..,..,..,..
Canada,CAN,Arable land (hectares per person),AG.LND.ARBL.HA.PC,..,..,1.04396473991348,1.05379037663271,1.06703260558645,1.0722375891622,1.07321537238798,1.07696176325403,1.08122832192523,1.08578129426412,1.10828181206532,1.13253795582638,1.1575439411019,1.18227889090662,1.20606644390528,1.22864109522238,1.25072576000711,1.27297321314467,1.29511791089557,1.3200131962636,1.33518088049396,1.34839690663086,1.36013147727589,1.37220194457638,1.38664970315315,1.40296101560044,1.419346861139,1.43679062515557,1.4544998770587,1.47365235103658,1.4938714328028,1.51850762742129,1.5479766959579,1.57018287529653,1.59304816600038,1.60118467079089,1.60807258843882,1.61544080407622,1.62352566646051,1.63489681572237,1.64368360852674,1.65344822627846,1.65820904659532,1.66299675842919,1.67063201540925,1.68757446817704,1.70703494028776,1.72560843013871,1.74134457455495,1.75612165577393,1.80557118739449,1.82775347156173,1.84949865021211,1.87624926513815,1.90692338387869,1.92651692245147,1.94489003880983,1.96477536384729,1.98425915977221,2.00372174484155,..
Canada,CAN,Bank capital to assets ratio (%),FB.BNK.CAPA.ZS,..,5.21807549799294,5.20267739136617,5.22324474487699,5.16055939102515,5.06782701070096,4.94325452261249,4.96412227811825,4.89764384225068,4.89495171201886,4.65930031516556,4.50753532986364,3.51266586100888,3.7014569593249,3.854587199727,3.84839545181508,..,..,..,..,..,..,..,..,..,..,..,..,..,..,..,..,..,..,..,..,..,..,..,..,..,..,..,..,..,..,..,..,..,..,..,..,..,..,..,..,..,..,..,..,..
Canada,CAN,"Birth rate, crude (per 1,000 people)",SP.DYN.CBRT.IN,..,..,10.1,10.3,10.6,10.7,10.8,10.8,11,11,11.1,11.3,11.3,11.2,10.9,10.6,10.5,10.6,10.5,10.7,10.7,11.2,11.4,11.6,12,12.6,13.1,13.6,14.7,14.9,15,14.9,14.5,14.4,14.5,14.9,15,15,15.1,15.3,15.4,15.4,15.2,15.5,15.6,15.8,15.4,15.6,15.9,16.8,17.4,17.6,17.6,18.2,19.3,21.3,23.4,24.6,25.2,26,26.7
Canada,CAN,Capture fisheries production (metric tons),ER.FSH.CAPT.MT,..,..,898781,933012.75,945610,899220,940217,984043,898518,977609,1042771,1046704,1183314,1268623,1419355,1435836,1539709,1416714,1393777,1273725,1121610,1277027,1291796,1274391,1195329,948410,1120321,1188849,1400108,1561348,1748034,1719422,1801383,1665224,1561523,1496957,1338814,1436369,1581757,1638177,1540967,1598186,1557631,1397603,1259014,1151734,1134994,1230495,1247963,1447676,1539114,1574680,1602454,1446973,1536806,1415523,1393173,1398267,1287603,1107271,1078657
Canada,CAN,Broad money growth (annual %),FM.LBL.BMNY.ZG,..,..,..,..,..,..,..,..,..,..,..,..,14.9217682589394,-25.5506861418317,12.4794920805704,9.64519114148486,5.46310787984703,0.510667128492431,2.65552561640498,125.031003767194,6.62329581424731,5.36227033311612,2.42054087792694,4.37212285001031,4.0452372668913,4.82998544492887,4.63057345927796,1.90509505055276,6.40097941786606,3.88294636022846,8.09337217122333,13.3913407458371,12.2326437824324,8.50209307980068,8.59086961639156,7.17714605224578,7.4585635359116,2.40030013130745,5.95544743369586,29.6461590789623,12.111810213833,17.8466377972057,16.7982822378623,14.7475908891809,18.2684524644657,15.8791895947974,19.0749207011065,21.1499603088692,14.5064661405611,9.99613697820801,9.71578160059835,8.46403461330449,14.1005862388152,14.6526107259092,28.7542700979276,10.271220492215,9.93926007730536,11.617873651772,2.85261489698891,8.47142955373719,..
Canada,CAN,Broad money (% of GDP),FM.LBL.BMNY.GD.ZS,..,..,..,..,..,..,..,..,..,..,..,..,122.948817761021,112.382606581881,159.178683185376,149.026054037041,144.682027886558,146.059679585257,152.753582069726,155.188237052884,71.3478890730354,73.439506679224,74.6964758516084,75.6256223033521,76.4209361942445,75.9350425164631,76.0573370470433,77.0745143753492,78.6534994183115,75.69420510173,73.5226848023873,70.4548104259027,66.574845331766,64.7611753968171,65.0897130327009,63.1143904030517,63.7285086356555,65.0354665694523,68.9163928195608,68.5245464029571,60.6021625404579,60.7860663651342,58.8898283375217,55.8743671043186,53.8011160618911,52.4006996223221,50.9689889398441,51.1295576972324,49.5155094817895,48.2877784805794,47.9156574675616,47.0636399055447,47.7809745221812,45.7527271253794,42.9529437144062,37.3597596559566,37.3833579658256,37.2900731215855,35.9506591382221,38.0396848274855,37.0625311004153
Canada,CAN,"Central government debt, total (current LCU)",GC.DOD.TOTL.CN,..,..,..,..,..,..,..,..,..,..,..,..,..,..,..,..,..,..,..,..,..,..,..,..,..,..,..,..,..,..,..,..,..,..,..,..,..,..,..,..,..,..,..,..,..,..,..,..,..,..,..,..,..,..,..,..,..,..,..,..,..
Canada,CAN,Cereal yield (kg per hectare),AG.YLD.CREL.KG,..,..,3878.7,4076.3,4269.2,3680.2,3654,4162.9,3458.7,3570.8,3509.6,3299.5,3391.7,2973.4,3046.3,3215.9,3141.9,2758.8,2375.4,2446.8,2805.7,3087.8,2782.6,2584.6,2844.2,2699.8,2594.5,2647,2460.3,2580.5,2636.3,2193.6,1754.4,2396.6,2570.4,2222.1,2028,2204.6,2482.8,2346.4,2141.2,2032.7,2267.4,2265.9,2275.8,2052.2,1726.7,1951.3,1987.7,2145.2,2110.8,1959.2,1734.5,1519,1972.7,1730.4,1527.2,1838.9,1595.4,985,..
Canada,CAN,"Charges for the use of intellectual property, payments (BoP, current US$)",BM.GSR.ROYL.CD,..,12399643967.5103,12778375678.1314,11833542181.4764,11567469044.0284,10732654496.0011,11712157364.1799,11801326421.0447,10901911780.597,10411408151.0838,9731280814.35961,8922065282.94892,8923454841.05939,8162785541.73677,7083070776.64,6959129029.20451,6456200016.4427,5454962204.47995,4479912200.99993,3543578555.33442,3563235578.78983,3212822610.21679,2592204790.23776,2287741105.57819,1950307886.66199,1882422401.27653,1763749602.37337,1685650280.80922,1712795352.63549,1788570110.75845,1663737468.54888,1446481739.64794,1303288288.41248,980475172.129238,936850027.506658,797907068.573354,798410513.992925,718907414.137022,676790445.09814,595526016.734138,..,..,..,..,..,..,..,..,..,..,..,..,..,..,..,..,..,..,..,..,..
Canada,CAN,Changes in inventories (current US$),NE.GDI.STKB.CD,..,9770926177.99064,9186921384.0117,13167541926.0354,-172023587.267111,-451099170.731581,8681816361.51548,13308453728.2653,6827541849.33756,11491306023.4683,335869248.749137,-4776484996.93815,9372071227.74133,8355832790.24299,9375881523.27221,9320019805.24839,5221368178.32437,4066804653.48655,-1790607277.12993,-3549845041.32231,7559086930.17305,3349262973.68244,3108190091.00101,6014011266.79185,762742940.960763,6259108131.74002,703719976.567077,-1048755910.39454,-5990733846.28113,-5649821070.08816,-2386013027.08262,3679054054.05405,4470626472.73909,1376319758.6727,2441885570.34905,3030391797.87624,2857694386.53386,-2742616033.75527,-8319688741.18505,852448077.404287,-611241019.500513,4307491890.0461,878409748.400105,1844760695.8157,2488267748.4787,1415505308.69052,3865708588.95706,1963811618.83812,830408122.032529,385654585.06635,241751363.766868,..,..,..,..,..,..,..,..,..,..
Canada,CAN,Claims on central government (annual growth as % of broad money),FM.AST.CGOV.ZG.M3,..,..,..,..,..,..,..,..,..,..,..,..,4.61992382857554,-0.576558856898186,1.30593681403946,0.525089666034664,0.270774045531976,0.218676604255895,0.213422782103724,2.6965624829154,2.38250489040478,-0.148877892989784,0.161112573997674,-1.85313270579972,0.230983937561261,0.238976282228491,1.6037553384457,3.11679871584981,2.45289007621473,3.50827265411866,0.752289646364464,0.457548100285306,1.85563169234258,-0.399281703055106,2.90911288757686,-0.985660027411645,0.764980875478113,3.10148189833052,0.487343382306176,-1.39454344935632,0.387106465833521,4.07304518343002,0.745954113483637,1.49109359030515,2.04409812534401,1.53951975987994,-0.918824738276422,1.61831565273869,0.818080403255795,0.908946303997091,3.83944153577661,-2.18766901027582,2.79851897562481,13.5064383755483,3.55727624686859,1.66750376695128,0.530093870789619,-0.727272727272727,0.811410459587956,2.13848586949048,..
Canada,CAN,Children out of school (% of primary school age),SE.PRM.UNER.ZS,..,..,0.211909994482994,0.117499999701977,0.0441300012171268,0.410930007696152,0.608870029449463,0.567690014839172,0.548330008983612,..,..,..,..,..,..,..,..,..,..,..,0.0794899985194206,0.0719200000166893,0.847090005874634,..,4.30702018737793,5.24056005477905,4.11103010177612,3.56015992164612,1.93498003482819,1.69096994400024,4.26754999160767,4.27606010437012,4.51728010177612,4.51573991775513,4.58225011825562,4.89556980133057,4.74127006530762,4.17287015914917,3.90784001350403,..,..,..,..,..,..,..,..,..,..,..,..,..,..,..,..,..,..,..,..,..,..
Canada,CAN,"Communications, computer, etc. (% of service exports, BoP)",BX.GSR.CMCP.ZS,..,13.2357748931611,12.9350527317572,49.0271898482394,49.4423529358117,51.1652605766758,51.4118449167785,52.4740898547189,52.6972591355524,53.230163813891,53.7611887198751,56.8743174702669,54.6045923547959,52.6143944072031,52.9586830606244,52.8889082964627,52.1658072459475,54.3217791604393,50.1887652606059,49.0670516921635,48.4312832455149,46.5687024445028,45.5038328174733,43.7547271504817,63.0859976442508,61.4802583412362,60.7883856968709,60.4707977511574,57.8696416546869,56.1243555117308,54.5574678859092,55.4197857728244,56.8509261787287,54.8021926178337,52.0018915199678,49.6093398830637,48.4553232979065,46.73901523692,44.7136917746751,42.4590372578676,31.6693449162867,32.2495396015094,34.3647012927604,34.0027588514432,34.05758589772,32.5373705324662,29.4159393347306,27.803548696796,29.2938596219592,27.6900984417924,27.4396463436124,29.317814305224,23.2858839959744,20.0423749669293,23.3453621386457,21.1374679529483,21.8252298505211,21.5417730526023,22.0023258983254,23.6321639276885,42.799686811131
Canada,CAN,Commercial service imports (current US$),TM.VAL.SERV.CD.WT,..,120038981791.702,119672093280.817,110926712744.732,103572824328.24,103983254889.896,113231433610.301,114520297762.496,112708625490.18,106097486149.732,97239565928.8361,82288305474.9677,88946829906.1095,81704679377.8619,72201494739.8741,64516865040.3384,57056969027.35,49891626742.058,43041563044.8257,41633582500.1489,42561049855.5486,38780117221.8127,36148517212.8135,35831041466.5357,34113528751.0389,31580721834.7703,30463812701.6414,30630790073.6631,29018789859.6415,28409645360.5781,26477599795.731,23147723927.0511,19877378028.1577,16619155656.9551,14897685244.8786,13480680106.3151,12765105203.1328,12181241897.0081,11253951052.5041,11649438595.0924,10110041375.3427,8731896668.50131,8378427310.63237,7955293569.68226,7699373554.85287,6501781519.39577,5444496286.72847,4352432202.17478,3741402299.48961,3432399500.01604,3142202008.67365,2748149519.81154,2188242546.62939,2006364597.10161,1834974496.84657,1629960603.71371,1495496179.46182,1333525791.54336,1321961600.29386,1387841728.58486,1379650578.7715
Canada,CAN,Combustible renewables and waste (% of total energy),EG.USE.CRNW.ZS,..,..,..,..,..,4.10283518248914,4.14835383818147,4.43483213374926,4.2837652006103,4.14699966579488,4.16944402255858,4.2840669493302,4.33079086688175,4.6181675741507,4.58729730548341,4.68805663294154,4.92194462434256,4.61576242902846,4.94417697481357,4.5155711801249,4.84123500806882,4.89588986175518,4.82738820919323,4.53433592799304,4.65283934399743,5.04622547014669,4.93681128079344,4.52467949769519,4.68373462983859,4.80015895501671,4.80345122729629,3.96344451235368,4.22603345223719,4.41329483351637,4.51381738164101,4.39209854581508,4.2248063159653,4.42940542883062,3.9994523408712,3.88537923182249,3.98431796602481,3.73663818872069,3.82097369584138,3.627483235099,3.69925642247877,3.7489942034385,4.77870241824023,4.90388461881788,4.98794571768247,5.39338478560922,5.44305389846321,4.62328092130978,4.39590387161307,3.99957635814324,3.73009266365772,3.74821870306418,4.25561065123666,4.57578448752677,4.91042264100484,5.19434488859375,5.32752963251266
Canada,CAN,Compensation of employees (% of expense),GC.XPN.COMP.ZS,..,10.5999923439848,10.925876268914,10.8892705184116,10.4161494188015,10.7322603919721,11.5909340961602,11.9871875740391,11.5280194700716,11.8152680192627,11.2099006164297,11.8263564007534,11.298692581877,11.1249369429965,11.1461668864193,10.6961453305496,10.9077506775068,10.8672599217045,10.8234657662657,9.79622141076048,10.3660826936598,9.24042686754551,9.19324577861163,9.30151994110769,9.23224258448663,9.58419723687722,9.89281498888806,9.93087214008777,10.3393951287586,10.4441223723977,10.506628166426,..,..,..,..,..,..,..,..,..,..,..,..,..,..,..,..,..,..,..,..,..,..,..,..,..,..,..,..,..,..
Canada,CAN,Consumer price index (2010 = 100),FP.CPI.TOTL,..,116.75729822553,114.524899828277,111.984831139096,110.224670864339,108.672009158558,107.462793360046,105.452203777905,104.471951917573,102.912135088724,100,98.2541499713795,97.9607899255867,95.6926159129937,93.689181453921,91.850314825415,89.8611906124786,88.2226674298798,85.8543216943332,83.9582140812822,81.8903835145964,79.7223812249571,78.3629078420149,77.5901545506583,76.3523182598741,75.1717229536348,73.590440755581,73.468803663423,72.1236405266171,71.0646823125358,67.279622209502,64.2100744132799,61.1619919862622,58.7936462507155,56.3394390383515,54.0712650257585,52.0105895821408,49.8640526617058,47.1021751574127,42.522896393818,37.807670291929,34.3302804808243,31.4539210074413,28.8637664567831,26.7315397824843,24.8568975386377,22.4599313108185,20.2346880366342,18.8251287922152,17.9307384087006,17.4585002862049,16.8932455638237,16.1562678878077,15.5266170578134,14.9899828277046,14.4390383514596,14.1099026903263,13.845163136806,13.6233543216943,13.480251860332,13.3443045220378
Canada,CAN,"Contributing family workers, total (% of total employment) (modeled ILO estimate)",SL.FAM.WORK.ZS,..,0.109999999403954,0.129999995231628,0.129999995231628,0.129999995231628,0.119999997317791,0.129999995231628,0.119999997317791,0.109999999403954,0.119999997317791,0.109999999403954,0.129999995231628,0.150000005960464,0.150000005960464,0.170000001788139,0.159999996423721,0.189999997615814,0.219999998807907,0.209999993443489,0.219999998807907,0.280000001192093,0.310000002384186,0.419999986886978,0.469999998807907,0.409999996423721,0.430000007152557,0.439999997615814,0.569999992847443,0.519999980926514,0.5,..,..,..,..,..,..,..,..,..,..,..,..,..,..,..,..,..,..,..,..,..,..,..,..,..,..,..,..,..,..,..
Canada,CAN,Crop production index (2004-2006 = 100),AG.PRD.CROP.XD,..,..,105.86,107.8,108.33,98.36,93.31,106.03,85.19,80.8,78.32,79.6,81.9,69.21,70.49,73,69.56,64.24,49.62,56.42,68.6,72.56,67.06,62.64,65.58,62.25,61.16,59.31,54.26,57.7,58.65,50.45,41.97,55.02,57.76,50.9,46.2,47.86,51.78,48.48,42.36,40.37,44.24,41.43,40.27,36.82,31,35.06,33.51,37.61,30.55,34.05,32.53,28.88,36.08,30.72,27.45,31.16,27.09,18.05,..
Canada,CAN,Current account balance (% of GDP),BN.CAB.XOKA.GD.ZS,..,-2.05526800207777,-2.35602957041276,-2.80238688653675,-3.09260854801543,-3.51484366767313,-2.32177149404848,-3.14583438999651,-3.53162407260959,-2.78126223829039,-3.6048312945822,-2.97379386747266,0.205143691237053,0.754333235340083,1.36764703691342,1.87565295436264,2.27087776454734,1.16911115069685,1.65088739380188,2.13990456881022,2.49151789660971,0.125036403327313,-1.42442604725626,-1.37640224229782,0.386298807019607,-0.837893543964205,-2.40547749674408,-3.87285895730841,-3.66634769111169,-3.74794482163497,-3.41108399691507,-3.93165356183188,-3.01270207598342,-3.17903576621386,-3.00748482693253,-1.60077143740477,-0.38652902845197,-0.740760642789129,0.57303017143079,-4.09262045514918,-2.22309097638056,-3.44947839929512,-3.74519448343583,-3.30919483822832,-3.69772091229783,-4.7150714260729,-2.84911022471877,-1.56584841977105,-2.12614834403952,-1.04621702307612,0.561721844195596,-2.45829156334324,-1.36536703524562,-1.94749353730474,-2.58415089618873,-3.04099352440989,-0.918917885087005,-1.868780624939,-2.5588377993532,-2.70156288880975,-2.93410062327002
Canada,CAN,Current health expenditure (% of GDP),SH.XPD.CHEX.GD.ZS,..,..,10.79046917,10.78964806,10.97903442,10.68328094,10.25013065,10.34045982,10.42859364,10.33907032,10.6837883,10.70911217,9.59853268,9.43898201,9.34515572,9.06438637,9.09723568,9.04279232,8.88823891,8.65530014,8.27567863,..,..,..,..,..,..,..,..,..,..,..,..,..,..,..,..,..,..,..,..,..,..,..,..,..,..,..,..,..,..,..,..,..,..,..,..,..,..,..,..
Canada,CAN,"Death rate, crude (per 1,000 people)",SP.DYN.CDRT.IN,..,..,7.7,7.5,7.4,7.4,7.3,7.2,7.1,7.1,7,7.1,7.2,7.1,7,7.1,7.1,7.1,7.1,7.1,7.1,7.2,7.2,7.2,7.2,7.2,7.1,7.1,6.9,7,7.3,7.3,7.3,7.2,7.2,7,7,7,7.1,7,7.1,7,7.1,7.1,7.2,7.3,7.4,7.4,7.4,7.3,7.3,7.3,7.4,7.4,7.5,7.6,7.5,7.8,7.7,7.7,7.8
Canada,CAN,DEC alternative conversion factor (LCU per US$),PA.NUS.ATLS,..,1.32679336266012,1.29575507424249,1.29773651726241,1.32539963630668,1.2790978956229,1.10610494395711,1.02979656989696,0.999188309722613,0.989530691879357,1.03016278295376,1.1431,1.067,1.0741,1.1344,1.2118,1.301,1.4011,1.5693,1.5488,1.4851,1.4857,1.4835,1.3846,1.3635,1.3724,1.3656,1.2901,1.2087,1.1457,1.1668,1.184,1.2307,1.326,1.3895,1.3655,1.2951,1.2324,1.2337,1.1989,1.1692,1.1714,1.1407,1.0635,0.986,1.0172,0.978,1.0001,0.9899,1.0098,1.0449,1.0767749548,1.0774749517,1.0787080526,1.0773169994,1.0779830217,1.078608036,1.0785080194,1.0687669516,1.0130670071,0.9697830081
Canada,CAN,Deposit interest rate (%),FR.INR.DPST,..,..,..,0.1,0.1,0.075,0.55,0.55,0.483333333333333,0.475,0.2,0.0958333333333333,1.5,2.08333333333333,1.825,0.791666666666667,0.783333333333333,1.1,0.829166666666667,2.25416666666667,3.48333333333333,2.87916666666667,3.07916666666667,1.90333333333333,3.0025,5.2825,3.98083333333333,3.20833333333333,3.91666666666667,5.75,9.85416666666667,9.08333333333333,6.64583333333333,5.6875,7.08333333333333,7.79166666666667,8.9375,7.33333333333333,12.9166666666667,15.9583333333333,11.5208333333333,11.3125,8.1875,6.95833333333333,8.64583333333333,7.35416666666667,9.3125,6.3858378870674,4.97768670309654,4.41024590163934,..,..,..,..,..,..,..,..,..,..,..
Canada,CAN,Discrepancy in expenditure estimate of GDP (constant LCU),NY.GDP.DISC.KN,..,1080000,1063000,1042000,1010000,1000000,994000,966000,944000,-21947000,-34826000,-26628000,17605000,-41004000,-77897355000,-99631242000,-122835525000,-130852422000,-156256500000,-157004700000,-149186773000,-138689468000,-117962631000,-100901361000,0,0,0,0,0,0,0,0,0,0,0,0,0,0,0,0,0,0,0,0,0,0,0,0,0,0,0,-45718685859.31,-43522763801.816,-41451961980.202,-40209018405.906,-37682415546.88,-35443547930.433,-33235733261.804,-31548055382.779,-29367412040.479,..
Canada,CAN,Domestic credit provided by financial sector (% of GDP),FS.AST.DOMS.GD.ZS,..,..,..,..,..,..,..,..,..,..,..,..,..,..,213.466632377411,196.518124341933,188.549592128482,186.314983880088,192.309039372753,197.889552698147,111.061309907718,114.34325775692,115.946278030574,117.481801084191,115.565509910469,111.005907309406,111.917690406798,112.418749194207,111.134620729338,106.81884811363,100.587015528206,96.4242047394272,92.0232350684896,89.6483111451482,89.5172085041472,87.405711991166,86.9855706659308,87.49937453984,91.1208900311035,93.3485145224599,82.1019041906426,82.1536792108355,78.8088713034712,74.2378803201139,58.9959402063909,57.3706139113771,56.1901868938995,..,..,..,..,..,..,..,..,..,..,..,..,..,..
Canada,CAN,Domestic credit to private sector (% of GDP),FS.AST.PRVT.GD.ZS,..,..,..,..,..,..,..,..,..,..,..,..,124.406866865547,123.857725931217,134.513316718123,122.051310842129,115.837467387932,113.641751811741,118.259019447611,121.781634714447,74.2347260434894,77.516133078735,80.1389459384007,81.8014160858502,78.8909982579231,74.1867346704899,74.9848956374041,75.7783961493833,76.7869288384805,75.2591694279467,73.3320634865663,70.0670825946974,66.4846789162734,64.3567524469949,63.5679283058442,63.476384078703,62.8559261085992,63.2512967873983,68.3116453320165,70.1057689426647,56.6067210103764,55.8635887325288,53.2108741831496,48.3555777626178,45.130801876855,43.305213560548,41.9079061762138,40.9860309047419,39.0331722468303,35.8073339784406,33.5040492633976,33.7142748792325,32.3768431470205,31.1347237503932,28.4646064313702,22.2082543051646,20.0191543260488,19.1680447647067,18.807346364575,18.2928081839179,18.5452821850871
Canada,CAN,Domestic general government health expenditure (% of current health expenditure),SH.XPD.GHED.CH.ZS,..,..,73.4917984,73.20887756,73.02696991,74.04132843,73.64110565,74.25772858,74.10050964,73.82319641,73.17476654,73.49100494,73.09282684,72.9079895,72.70279694,73.03554535,73.06193542,73.13981628,72.43798065,72.80158234,72.85163879,..,..,..,..,..,..,..,..,..,..,..,..,..,..,..,..,..,..,..,..,..,..,..,..,..,..,..,..,..,..,..,..,..,..,..,..,..,..,..,..
Canada,CAN,Domestic general government health expenditure (% of GDP),SH.XPD.GHED.GD.ZS,..,..,7.93011045,7.89897966,8.01765537,7.91004276,7.54830933,7.67859077,7.72764158,7.63263273,7.81783676,7.87023449,7.0158391,6.88177204,6.79418945,6.620224,6.64661694,6.61388111,6.43846083,6.30119514,6.02896738,..,..,..,..,..,..,..,..,..,..,..,..,..,..,..,..,..,..,..,..,..,..,..,..,..,..,..,..,..,..,..,..,..,..,..,..,..,..,..,..
Canada,CAN,Electric power consumption (kWh per capita),EG.USE.ELEC.KH.PC,..,..,..,..,..,..,15588.4871464315,15750.8116334788,15336.6248565213,15644.54027755,15269.745476893,15450.7306885938,16377.4796961349,16683.1336593286,16508.3395520223,16948.2752209397,17264.7367438144,17208.5235166648,16960.639671858,16840.1937506524,17037.0722808289,16678.932595154,16435.7869875262,16653.6770544776,16607.2063366774,16532.382036352,16388.2805024147,16320.127298241,16164.419040336,16181.5887481801,16167.3745586043,16464.0395067145,16389.3381047529,15798.287273287,15363.399577583,14857.2585929109,14343.392033437,13457.0657913478,12981.0786679366,13239.4087570405,12803.9755149228,12422.7611263149,12269.0192959597,11797.2625883093,11075.9542252969,10466.5826249742,10804.60079545,10241.9208584542,9803.55841895994,9166.68366570088,8962.20221346839,8532.90850294845,8030.41843424605,7630.16852831668,7359.08818834797,6909.89938001829,6468.92626131953,5966.04091963721,5791.12495970775,5605.11192600296,5630.62981318508
Canada,CAN,Electricity production from hydroelectric sources (% of total),EG.ELC.HYRO.ZS,..,..,..,..,..,56.7441929808868,57.2546166558885,58.8880788281009,59.7233020917269,59.0402343467615,58.1844015791844,60.4697815942065,59.7357667606739,58.4755914229945,57.741601864216,58.3248996009824,56.8186175222759,57.2385003952221,58.3131223405494,56.515819458103,59.1993672349223,59.7229443211359,59.0920663973407,61.1398186889819,62.0752309623007,59.9857144132642,59.3575718093195,60.805424370956,60.8092965505046,60.6268720708176,61.558456645804,58.3318317416461,60.7773635037304,63.7193500024181,66.3072759019634,66.166856973511,65.4728724743141,65.2114851776476,66.5536764003521,68.1286175280438,67.2817578319644,67.9794491938403,68.6057735770923,68.3631135374162,71.3194956743344,73.0727587700303,74.3054159391919,72.0724523383726,73.7988924417069,73.2357223677271,75.4787315285043,77.082651056165,75.4558095987324,79.1967026013731,81.2241911682643,80.2211911442022,83.1578181818182,84.1786032761072,87.9684566908018,90.910273645865,92.0890605867237
Canada,CAN,Electricity production from nuclear sources (% of total),EG.ELC.NUCL.ZS,..,..,..,..,..,15.5465605152518,16.1190749922158,15.5490082601147,14.9001572289999,14.7078051678238,15.0131819506637,14.777616481723,15.1962599665119,14.8712001539903,16.0310789935328,14.8326253295602,15.0678902753119,12.7034206214316,12.5634192674804,13.0040014920818,12.0210503371885,12.6939519298033,12.7323292661431,14.3877266387727,16.1917096184693,17.4719868572602,19.4060175678861,17.6534483957475,15.488228431284,16.7033459793376,15.1370941475933,15.9913508318818,16.3821223395633,15.5690300011285,15.2124539466101,13.1880464058155,11.9470950321503,11.9191820121129,9.89727609984794,10.2614864518773,10.1886529610639,9.82178162679959,9.0992601492533,8.18008483787023,5.83998390450003,4.53659592897358,5.18349999118212,5.64793524905491,2.92978828003429,1.92351904360487,0.49495971591126,0.270693466513837,0.508578804784408,0.090477401347108,0.10664550290795,0.0869547495635279,0.109818181818182,0.0747125975079734,0,0,0
Canada,CAN,Employment in agriculture (% of total employment) (modeled ILO estimate),SL.AGR.EMPL.ZS,..,1.50999999046326,1.49000000953674,1.51999998092651,1.58000004291534,1.63999998569489,1.71000003814697,1.77999997138977,1.75,1.78999996185303,1.80999994277954,1.95000004768372,1.94000005722046,2,2.10999989509583,2.11999988555908,2.01999998092651,2.10999989509583,2.11999988555908,2.16000008583069,2.51999998092651,2.80999994277954,2.99000000953674,3.00999999046326,3.10999989509583,3.15000009536743,3.34999990463257,3.48000001907349,3.45000004768372,3.49000000953674,..,..,..,..,..,..,..,..,..,..,..,..,..,..,..,..,..,..,..,..,..,..,..,..,..,..,..,..,..,..,..
Canada,CAN,Employment in industry (% of total employment) (modeled ILO estimate),SL.IND.EMPL.ZS,..,19.25,19.5699996948242,19.5300006866455,19.6700000762939,19.9200000762939,20.1800003051758,20.3299999237061,20.4599990844727,20.2900009155273,20.1499996185303,20.2900009155273,21.4599990844727,21.6700000762939,22.1100006103516,22.6900005340576,23.0499992370605,22.9699993133545,23.2299995422363,23.0599994659424,23.2900009155273,23.1200008392334,23.1200008392334,23.0599994659424,22.75,22.9300003051758,22.6700000762939,22.5100002288818,23.1800003051758,23.8799991607666,..,..,..,..,..,..,..,..,..,..,..,..,..,..,..,..,..,..,..,..,..,..,..,..,..,..,..,..,..,..,..
Canada,CAN,Employment in services (% of total employment) (modeled ILO estimate),SL.SRV.EMPL.ZS,..,79.2399978637695,78.9400024414063,78.9499969482422,78.75,78.4300003051758,78.1100006103516,77.9000015258789,77.7799987792969,77.9300003051758,78.0400009155273,77.7600021362305,76.5999984741211,76.3300018310547,75.7799987792969,75.1900024414063,74.9300003051758,74.9199981689453,74.6500015258789,74.7799987792969,74.1900024414063,74.0699996948242,73.8899993896484,73.9400024414063,74.1399993896484,73.9199981689453,73.9800033569336,74.0100021362305,73.370002746582,72.629997253418,..,..,..,..,..,..,..,..,..,..,..,..,..,..,..,..,..,..,..,..,..,..,..,..,..,..,..,..,..,..,..
Canada,CAN,"Employment to population ratio, 15+, total (%) (modeled ILO estimate)",SL.EMP.TOTL.SP.ZS,57.8600006103516,61.8600006103516,61.4500007629395,61.4300003051758,60.9099998474121,61.0800018310547,61.2200012207031,61.5400009155273,61.4199981689453,61.4199981689453,61.25,61.2000007629395,63.0999984741211,63.0099983215332,62.3699989318848,62.1599998474121,62.189998626709,61.9799995422363,61.2400016784668,60.6500015258789,60.810001373291,60.1399993896484,59.3199996948242,58.5499992370605,58.0400009155273,58.2999992370605,58.0499992370605,57.5999984741211,58.0299987792969,59.4199981689453,..,..,..,..,..,..,..,..,..,..,..,..,..,..,..,..,..,..,..,..,..,..,..,..,..,..,..,..,..,..,..
Canada,CAN,Energy use (kg of oil equivalent per capita),EG.USE.PCAP.KG.OE,..,..,..,..,..,7631.34157027209,7897.85561511436,7743.72574213676,7733.41165473909,7911.55458837168,7788.56078606815,7797.12113645126,8194.88077131979,8213.38954256017,8239.94637098436,8422.03430847519,8455.5470136727,8341.34314379952,7993.87938404109,8056.3494253004,8265.07992477285,8107.51515577335,7948.39727830446,8056.24362752186,8053.45485804934,7979.89844555264,7957.24563262571,7770.54644758451,7601.68517694524,7517.33030357287,7630.09230606557,7963.29790527702,7885.24440007589,7671.1995995251,7521.88689331202,7468.09634319419,7368.74044037789,7076.52331814175,7173.55516447822,7555.2449313384,7828.83798348216,7862.20639476556,7561.74493868787,7431.43988603482,7293.69860938733,7170.4125280454,7089.99999079269,7084.62368269079,6863.44433456086,6436.22625629541,6476.38852935659,6091.10000951113,5871.52039143849,5557.29174015285,5272.6647047087,5153.93241183047,4903.60760672704,4694.12006960557,4451.56011604169,4307.82075420065,4251.43591138962
Canada,CAN,Expenditure on tertiary education (% of government expenditure on education),SE.XPD.TERT.ZS,..,..,..,..,..,..,..,..,..,35.5994,35.38945,36.06861,34.44431,36.81221,..,..,..,..,..,..,..,..,31.00068,..,..,35.26796,34.57579,27.7808,30.75022,28.13155,31.81251,31.69809,30.8411,30.89166,31.02303,30.52069,30.931,30.06431,29.37821,29.90282,29.79349,30.57821,29.07323,29.61135,31.438,31.43102,30.71697,31.12949,31.36655,31.36184,..,..,..,..,..,..,..,..,..,..,..
Canada,CAN,Expense (% of GDP),GC.XPN.TOTL.GD.ZS,..,18.142106483069,17.6079296501212,17.5958978229486,17.498604071126,17.0597786823228,16.4020498301416,17.0848821579089,17.5175199279774,17.8920314002538,19.1296594552415,18.9019149974639,17.1258431275988,17.0072804366228,17.0775234267096,17.8811569002165,17.3248676549134,18.1011695434038,18.0270410239337,18.7771206614614,18.8371917926891,19.824124054963,20.2442134013304,20.4385440867353,22.4184181754749,23.5052287589584,23.8232213267267,25.2170269457218,25.6199905309775,25.4577384723412,24.1874062946881,..,..,..,..,..,..,..,..,..,..,..,..,..,..,..,..,..,..,..,..,..,..,..,..,..,..,..,..,..,..
Canada,CAN,Exports of goods and services (% of GDP),NE.EXP.GNFS.ZS,..,31.6444707575662,32.0772118338597,31.4105273580442,31.5025724093362,31.8499609634443,31.7365758733408,30.3319386683867,30.3530255225878,30.7501686514999,29.2360830764843,28.5880442653753,34.4806745383784,34.31935289527,35.5060658474327,36.97492216103,37.455218268918,36.9964576983277,40.201285970346,42.188504215238,44.3568160974906,42.0053401934177,40.1677166740461,38.2593207213187,37.2201212802924,36.2133627995122,32.8839389644424,29.2376659933817,26.2875705812276,24.4410821262118,25.1648997037505,25.1419227354393,26.1569087813761,26.1129936390372,27.0998188578511,27.6548712543292,28.042360231443,25.0215039159763,25.284339909973,26.4735604882314,27.6001840332912,26.4172263874822,24.6136129892064,22.7785413405597,21.7558115787942,22.0337768110914,24.0744969269639,22.7654486990447,21.2853800321606,21.0664237068313,21.9179263485813,20.9116975915387,20.8864103069513,19.9965251382598,19.1121453954932,18.336997041794,19.0334053088686,17.9758331502728,17.6174847955627,17.6272644113419,..
Canada,CAN,"Fertility rate, total (births per woman)",SP.DYN.TFRT.IN,..,..,1.4988,1.4961,1.5433,1.563,1.5818,1.587,1.6142,1.61,1.6269,1.668,1.6808,1.6589,1.5862,1.5434,1.5258,1.5251,1.5014,1.5104,1.488,1.50866666666667,1.52933333333333,1.55,1.592,1.639,1.6695,1.7,1.71,1.7,1.83,1.77,1.68,1.68,1.675,1.67,1.65,1.68,1.69,1.7,1.74,1.754,1.768,1.782,1.796,1.824,1.837,1.89,1.98,2.141,2.258,2.334,2.386,2.528,2.749,3.115,3.456,3.607,3.681,3.753,3.811
Canada,CAN,Fertilizer consumption (% of fertilizer production),AG.CON.FERT.PT.ZS,..,..,26.6314699512557,24.2680890411722,25.2547594492416,25.6718044547489,26.8909866396442,26.7096834690062,30.0852383662002,26.3983062644147,21.5481728061227,26.1016681410337,27.5979716850984,21.4561269292875,16.8573636803135,24.3826979509191,18.0894352357779,21.0780418945928,22.8154537472685,20.6926184982073,18.4630676584551,21.2673884332814,19.9322799097065,20.8791772715679,21.9377908679663,20.7648061561651,18.356223501663,21.2398098223634,21.3031595392209,20.9327012216596,20.1586915239581,20.6183105017051,18.4429488955059,20.1183003161318,21.6628902568627,23.3003578194064,23.5946250740677,22.9045903180323,26.0687215765538,22.8219563687544,19.74837000815,19.0802389647675,20.5813886818416,19.2623679624426,17.8275843656557,21.0025054606193,17.270728914471,18.3942425279414,19.0568765602621,16.1494674990819,17.9647947179759,15.5380564663443,18.8459133803034,24.2445648144526,27.4268885197865,27.2492878332449,32.0511272360583,37.9833671137341,49.0651244624425,73.7978989071892,..
Canada,CAN,Fixed broadband subscriptions (per 100 people),IT.NET.BBND.P2,..,40.8261656,38.96365923,37.90637316,36.79332821,36.40462417,35.23968495,34.26529941,33.47432552,32.66605015,31.67752464,30.49241878,29.52309639,27.55877068,24.72263335,21.77568932,17.0231523,14.33242226,11.27388014,9.183916113,4.612640034,1.92063266,0.466323561,..,..,..,..,..,..,..,..,..,..,..,..,..,..,..,..,..,..,..,..,..,..,..,..,..,..,..,..,..,..,..,..,..,..,..,..,..,..
Canada,CAN,Fixed telephone subscriptions (per 100 people),IT.MLT.MAIN.P2,..,35.46278724,37.33557257,39.39062011,41.65556256,43.33530798,45.99440612,47.93955938,50.75879037,52.90806299,53.86621429,55.43752872,54.7429305,55.51650531,56.04698431,56.42278838,64.63203117,65.45975794,66.14223506,68.41305071,68.13044024,67.25514367,64.26604852,62.73875441,61.01606239,60.23490757,59.77119986,58.55689128,57.56219377,56.70707355,55.53771408,53.8927792,52.13669637,50.86207174,49.65596822,48.47837681,46.48192147,41.5881875,41.48024232,41.73192114,40.86925745,39.71255642,38.78800841,37.74161775,36.88354827,35.8988025,30.4758,30.4758,30.4758,30.4758,30.47581477,26.8443,26.8443,26.8443,26.8443,26.84433141,27.9453,27.9453,27.9453,27.9453,27.9452503
Canada,CAN,Food exports (% of merchandise exports),TX.VAL.FOOD.ZS.UN,..,11.9161922002201,11.9258282530736,12.4827186553761,12.8537927254541,12.2650926388761,10.9864354590922,10.316558671295,10.2080226352456,10.2024818524665,10.0908410664126,11.1922947814486,9.05300013047292,8.03589282474114,7.35855752952968,7.09289727105154,7.70600421707315,7.35518843941416,7.4369718793139,7.81753125396381,6.72725021945709,6.93821049008968,7.84668384618406,8.25480963485504,8.1013901382011,7.61208289374895,7.74085793238511,8.07317842220124,9.36502132766352,8.93924809384943,8.58783163577954,8.02855203182942,9.38073314368337,9.40443310094982,9.25661601066318,9.2881438276435,10.9833132202015,12.6774506137471,13.418269969852,12.8517175834076,12.3174301246545,11.4062259114723,11.4299138013493,11.6518594417649,12.1684080757457,13.6197041381463,13.3716563204162,14.1714395982652,12.8934178966984,13.2760327930236,12.2045973121388,10.6231222923086,12.5982262394862,15.4467772537474,20.3251541112881,20.8180710542246,23.1553609232752,21.9903545929533,20.0672462633172,..,..
Canada,CAN,Food imports (% of merchandise imports),TM.VAL.FOOD.ZS.UN,..,8.16283045199761,7.96606928227687,8.20309599483068,8.46973123347766,8.18251385349654,7.71695728482921,7.4573546158674,7.24064478593928,7.10627454943687,7.17761424595015,7.91665298121891,6.43748443150868,6.16974774150981,5.76187314342801,5.63001167163117,5.81021994971678,6.20133856648036,6.06447150910236,5.82243956068321,5.1015834501715,5.30783594125411,5.55314183232404,5.52744777998062,5.81257780060635,5.69826088861219,6.0244044833678,6.26474149056269,6.34815890855753,6.38316118422673,6.13059511390555,5.74244866856003,5.60323392822954,6.0492983453306,6.18517241384022,5.94228424638857,6.5291639585122,7.00550450100502,7.68467220004943,7.02868630982366,7.45274242410584,7.29138635796391,8.10767329760615,8.36581271349568,8.14586029292989,8.29776401014974,8.61463048876906,8.94007371140752,7.85145198705488,7.92200271112654,8.63523518557344,7.99570638841096,7.88161873167986,8.62159355888779,9.01231295852714,9.8113481344217,11.6162721328687,12.9223946400352,11.6613263689534,..,..
Canada,CAN,Food production index (2004-2006 = 100),AG.PRD.FOOD.XD,..,..,106.26,107.09,106.64,98.32,95.04,103.47,89.98,87.48,86.7,86.65,88.86,79.94,80.92,83.69,82,75.13,66.3,70.05,77.58,79.31,73.7,69.04,70.04,66.79,65.51,63.4,60.7,62.1,65.89,60.17,54.6,61.62,63.37,59.2,55.78,56.47,59.24,56.2,52,49.37,52.79,51.41,50.77,46.84,42.25,44.67,44.31,46.6,41.34,43.4,43,40.21,44.72,41.32,37.84,39.37,36.56,30.61,..
Canada,CAN,"Foreign direct investment, net (BoP, current US$)",BN.KLT.DINV.CD,..,31085020261.9633,18933551593.3183,52829985894.7131,33404095512.7527,23927632715.3373,805191688.449753,-12563236012.7314,12879466785.8116,11756393310.4902,6626667134.17278,16787996095.9599,18568974469.1936,-55310207533.9084,-13950022417.3474,1727389338.84794,43370579702.622,16417567996.3288,4749229277.95075,8440763882.98875,-21653038993.6265,-7526468527.1575,11369485481.8881,11546289244.7879,3471751714.69391,2170895576.05244,1079642881.10374,962554678.562878,-1229978110.06882,2962324151.88571,-2351322579.60475,-756426909.082676,149516835.750423,-994078844.821893,655376615.265964,2507671552.83406,-1090877860.16392,629011721.263737,2281061697.76878,4881869417.33632,-1719851090.11004,-1479180378.0873,-1462953096.18184,-1740950704.54218,-1448131764.90427,-2136728996.4899,-2366551996.7687,-2018654189.84482,-2030697593.73357,-1815306869.41381,-896964280.776051,-1199987249.55169,-1012517432.61362,-1211663928.64768,-1207977810.93202,-1011075309.5949,-318267102.722307,-466340464.136046,-645713817.34566,-639517888.283104,-640621218.743531
Canada,CAN,GDP per capita (constant 2010 US$),NY.GDP.PCAP.KD,..,51588.7614342188,51476.2007739946,51170.4758411953,50193.7504098852,50262.027665796,50306.9446243374,49397.5233153392,48785.9360816715,48464.4962818598,47448.0132198383,46540.6437105103,48495.2040398051,48534.1744769374,45857.9965520358,44471.0800603251,42757.0039817766,41532.2195453856,40369.7445613125,39460.7360670365,39338.8368994644,37845.7397491807,36697.5498610259,35996.7102408359,37810.1359354,37598.655582986,36993.1482512687,35791.8912141293,35249.4511569487,35350.9194080085,36555.568572905,37049.8671047191,36866.4252236716,35770.0577223737,34826.2303079627,34435.5112668361,33179.7583386105,31625.8690211944,31130.2339762089,32539.9105949266,31837.6616595865,31570.3858658278,30743.4477410524,29947.8809495687,29293.2601473553,28033.2771028779,28035.7332989122,27526.8918958551,26082.5688401945,25009.1846605289,24773.8947718024,22440.2163939557,21654.8526515358,20959.977006415,20700.6359552928,19764.6463844347,18929.9277527717,18088.6680326578,17492.9943302005,16589.5509058026,16405.9053399751
Canada,CAN,GNI growth (annual %),NY.GNP.MKTP.KD.ZG,..,1.92855215278689,1.87788198630754,3.22101597735751,1.32385808110831,0.783976065450091,2.77867583279058,2.59459142167509,1.89309648319018,3.2207223049532,2.78788248770215,-3.13214729687614,0.988540206771887,7.06790719412487,4.70532937638148,5.13539517420382,4.24448437488596,3.89603282787465,3.79637524589538,1.18993253248078,5.71635678350562,3.90426563870201,2.52047147465248,-3.87429548164178,1.72462175149843,2.79994044096892,4.30990410639878,2.86733973482333,0.639561331001673,-1.79327132943882,0.0151328471567069,2.09382310094153,4.23436044337086,4.3436275563263,1.85926361571431,4.78944515876647,5.75326372594014,3.14707859112255,-3.31037794247489,2.84445922746774,2.16093589134884,3.44204211936554,3.32143604650224,3.13085507495828,5.586382153709,1.42408780726082,3.15125632567266,6.75138912711223,5.64710831512825,3.96824856779858,..,..,..,..,..,..,..,..,..,..,..
Canada,CAN,Goods and services expense (% of expense),GC.XPN.GSRV.ZS,..,7.32943833558229,7.50839558194471,7.55626454888825,7.16792687055637,7.12558714826322,7.12521851811103,6.90344833952313,7.58807926743543,7.78147943475172,7.34903761479431,7.11093559079463,7.52056860854114,7.51340545186182,7.99036227789289,7.48911717926759,8.1079674796748,7.98817613842225,8.26357247123676,7.84762367268414,7.38136744069576,7.16785938480854,7.25119632354491,6.90144199540986,7.07069655599565,7.00223759571367,7.55239624427124,7.43630437561246,6.86858114738013,7.0230431314391,7.5188822202866,..,..,..,..,..,..,..,..,..,..,..,..,..,..,..,..,..,..,..,..,..,..,..,..,..,..,..,..,..,..
Canada,CAN,"Government expenditure on education, total (% of GDP)",SE.XPD.TOTL.GD.ZS,..,..,..,..,..,..,..,..,..,5.27443981170654,5.36992979049683,4.85264015197754,4.63825988769531,4.78036022186279,..,4.78214979171753,..,..,5.01072978973389,4.96956014633179,5.44199991226196,5.54994010925293,5.51197004318237,..,..,6.32445001602173,6.68001985549927,7.70425987243652,6.77093982696533,6.88430023193359,5.9919900894165,6.09832000732422,6.17614984512329,6.32446002960205,6.04418992996216,6.2128701210022,6.64404010772705,6.88043022155762,6.51913976669312,6.43061017990112,6.48467016220093,6.71474981307983,7.09767007827759,6.73353004455566,6.72099018096924,6.4429497718811,6.68963003158569,7.03749990463257,7.61540985107422,7.71018981933594,..,..,..,..,..,..,..,..,..,..,..
Canada,CAN,High-technology exports (% of manufactured exports),TX.VAL.TECH.MF.ZS,..,16.5130716928602,15.6904891315608,14.7010572513539,14.4188581693629,15.1461249035726,15.0450596601283,15.7768570923425,15.9312948422912,15.0517241829529,15.8971895731305,18.2235856674189,15.3876599512868,14.9010545976871,..,..,..,..,..,..,..,..,..,..,..,..,..,..,..,..,..,..,..,..,..,..,..,..,..,..,..,..,..,..,..,..,..,..,..,..,..,..,..,..,..,..,..,..,..,..,..
Canada,CAN,"Hospital beds (per 1,000 people)",SH.MED.BEDS.ZS,..,2.52,2.55,2.53,2.6,2.62,2.67,2.72,2.79,2.8,2.78,2.8,2.85,2.96,3.02,3.1,3.44,3.5,3.64,3.69,3.77,3.9000000954,4.1999998093,4.4000000954,4.5999999046,5,..,5.4000000954,5.5,5.8000001907,6,6.30000019073486,6.5,6.59999990463257,6.69999980926514,6.80000019073486,6.80000019073486,6.80000019073486,6.80000019073486,6.90000009536743,6.80000019073486,6.80000019073486,6.90000009536743,6.90000009536743,6.90000009536743,..,..,..,..,..,7,..,..,..,..,..,..,..,..,..,6.19999980926514
Canada,CAN,"Immunization, DPT (% of children ages 12-23 months)",SH.IMM.IDPT,..,91,91,91,91,91,91,91,91,87,89,91,92,94,95,93,91,91,88,89,89,90,90,86,90,87,93,90,89,88,88,87,86,85,..,..,..,..,..,..,..,..,..,..,..,..,..,..,..,..,..,..,..,..,..,..,..,..,..,..,..
Canada,CAN,"Immunization, measles (% of children ages 12-23 months)",SH.IMM.MEAS,..,90,90,90,89,89,90,90,89,88,90,91,93,94,93,94,94,95,95,95,96,96,96,96,97,96,97,96,94,92,89,87,85,70,..,..,..,..,..,..,..,..,..,..,..,..,..,..,..,..,..,..,..,..,..,..,..,..,..,..,..
Canada,CAN,Imports of goods and services (% of GDP),NE.IMP.GNFS.ZS,..,33.3322337380712,34.0360616874474,33.6232145334166,33.8611121122194,34.3149411035338,32.6420862831515,31.8991362329537,32.2425234169127,31.8947953638635,31.1138532402079,30.0344208273121,32.7098721477044,32.1379546142055,32.7452558525727,33.0079574997812,32.976857357275,33.0908081710478,35.7752982045513,36.4325452321559,38.6848309525818,38.3855770973002,38.1837095044783,36.3235977431132,33.2704023112565,33.06899018424,31.7086485616974,29.2031511882762,26.6284833223699,24.9597785064919,25.0102092794052,25.11576530658,25.4139567361359,24.9677405818235,26.1859090475736,25.3941675450484,24.6330742672892,21.8682316275546,21.5012423307728,25.8045712449029,25.8974444708739,25.9968349971976,24.395484692943,23.1340186452912,22.6586829143707,23.9763866862511,24.1720238817888,21.672061484361,20.7047153651482,19.7576279921157,19.7141567047895,21.1099961491063,19.9651600410152,19.2398617090958,19.2960036871814,18.648399274408,18.062677229093,17.4425295092739,17.985300476114,18.2735170600751,..
Canada,CAN,"Incidence of tuberculosis (per 100,000 people)",SH.TBS.INCD,..,5.5,5.6,5.6,5.5,5.2,5.1,5.3,5.4,4.8,4.6,5.3,5.4,5.3,5.4,5.5,5.6,5.9,6.1,6.6,6.5,..,..,..,..,..,..,..,..,..,..,..,..,..,..,..,..,..,..,..,..,..,..,..,..,..,..,..,..,..,..,..,..,..,..,..,..,..,..,..,..
Canada,CAN,Individuals using the Internet (% of population),IT.NET.USER.ZS,..,..,..,92.70137191,91.16,90,87.12,85.8,83,83,80.3,80.3,76.7,73.2,72.4,71.66,65.95596346,64.2,61.59329927,60.2,51.3,36.18644004,24.8974003,15.07235736,6.76023965,4.163525253,2.378693853,1.184557509,0.91598104,0.570385926,0.360999701,..,..,..,..,..,..,..,..,..,..,..,..,..,..,..,..,..,..,..,..,..,..,..,..,..,..,..,..,..,..
Canada,CAN,"Inflation, GDP deflator (annual %)",NY.GDP.DEFL.KD.ZG,..,1.91066230397693,1.81459785103158,2.45721465084362,0.75403003025545,-0.876717544815605,1.94459869733706,1.73744799956536,1.44871812086824,3.23638209706249,2.86809431674035,-2.31557275038605,3.99749864773425,-1.32745034943169,1.0940077569678,1.38408718602368,2.45711876962815,1.25802759252429,0.84077657092665,2.02416695090409,4.60482182920954,3.07311988719428,0.873573522264607,9.68755771889755,1.73641682375228,2.24437646149487,1.46937733168637,1.29739279408025,1.4840814023442,3.05250902552692,3.41267754515344,4.72049730624275,4.56376017437871,4.78469346588315,3.08425872057157,3.32508320370202,3.54446642006766,5.75976497322097,8.82142760577933,10.8076740821191,10.0792267007493,10.0849420162597,6.88065274446812,6.81727480657666,8.7943648006955,11.0898116972533,15.6561497681138,9.81860458307142,5.83606003722072,4.98048339230861,-3.74147364626056,4.82816260032301,4.05872085776728,4.40908159478394,4.95135386756441,3.78506730241132,2.83378270733803,2.14443181865671,1.30677080680341,2.44442707980434,..
Canada,CAN,Insurance and financial services (% of commercial service exports),TX.VAL.INSF.ZS.WT,..,10.1940191049785,10.5354398459141,10.3464916684574,10.8316136159267,11.3503567864216,10.6411489713896,10.4102000438228,10.3287627604831,11.1204452446401,9.76524130021004,8.57336281001525,8.2722293386709,8.78586387451272,7.9999961490944,6.96934681586068,6.01928496721008,6.67179043050553,6.54051345065812,6.20378550011954,6.14145707994077,6.50016204285413,7.5427718656365,7.63298185976196,7.73337843310958,8.66815992626087,9.95158198165756,10.2512701940176,10.0103970292202,9.52419380064431,9.2412454619658,9.03605967082269,8.48104726440439,9.77937922447359,10.0891463083212,13.3299734841055,12.5222442254365,12.9992100444713,13.1446955603426,10.7271449627477,..,..,..,..,..,..,..,..,..,..,..,..,..,..,..,..,..,..,..,..,..
Canada,CAN,Insurance and financial services (% of commercial service imports),TM.VAL.INSF.ZS.WT,..,10.7808408143961,11.4047666642813,11.0153203544657,11.4725436756301,10.3484208217867,9.25555449778577,8.93179346627533,8.59391559177796,9.44993134753953,10.443172400349,9.67143368199878,8.97752295715337,9.7133785135829,9.65520652406076,8.71508989791751,8.57514676143004,9.23115606657495,9.42466483453975,8.72541830811042,7.89004618432891,8.0138389035533,8.70401373950904,8.75475167434623,8.35837236589206,7.38976426187184,7.67484413875137,6.96283373112022,6.74311443657618,6.83774166626142,6.13619135197781,7.09318263445084,7.13709045053035,8.65462639435096,8.96884900945248,9.80552534453993,8.91620080218697,9.12587277715427,9.25502515000863,8.21247294879091,..,..,..,..,..,..,..,..,..,..,..,..,..,..,..,..,..,..,..,..,..
Canada,CAN,"Intentional homicides (per 100,000 people)",VC.IHR.PSRC.P5,..,..,1.755921136,1.7967939805,1.682106961,1.6931901668,1.463646963,1.442067897,1.5692099924,1.7545304234,1.6282273237,1.8076166625,1.8417621548,1.812892765,1.8686421985,2.0643997588,1.9644519069,1.7435187944,1.8666853121,1.7940372678,1.784991614,1.7787304821,1.8619630527,1.9702526812,2.1522298663,2.0127448927,2.0650895435,2.1928008596,2.5970427726,2.7035930142,2.3855063172,..,..,..,..,..,..,..,..,..,..,..,..,..,..,..,..,..,..,..,..,..,..,..,..,..,..,..,..,..,..
Canada,CAN,"Interest rate spread (lending rate minus deposit rate, %)",FR.INR.LNDP,..,..,..,2.6,2.6,2.7,2.45,2.45,2.51666666666667,2.525,2.40416666666667,2.3,3.22916666666667,4.02083333333334,3.9875,3.625,3.21666666666667,3.5875,3.37916666666666,3.55833333333333,3.7875,3.55833333333333,3.525,3.055,3.06,3.36333333333333,2.89416666666667,2.72916666666667,3.5625,4.1875,4.20833333333333,4.24999999999997,4.18749999999997,3.83333333333333,3.43749999999997,2.79166666666663,3.125,3.83333333333337,2.8958333333333,3.3333333333334,2.7291666666667,1.5833333333333,1.5,1.54166666666667,1.39583333333337,2.0625,1.4375,1.25999544626593,1.02231329690346,2.06892076502733,..,..,..,..,..,..,..,..,..,..,..
Canada,CAN,"International tourism, receipts (% of total exports)",ST.INT.RCPT.XP.ZS,..,..,..,..,..,..,..,..,..,3.6567012814317,3.92935674521375,3.97305432115166,3.39543222609504,3.58055031084329,3.62179398567083,3.68825996279489,3.96488281409775,3.71752474190111,4.20124430816439,4.09362189984071,3.97132611746406,4.24503233197878,4.36741257653043,4.17341749186714,4.3182670468816,4.20596458197278,..,..,..,..,..,..,..,..,..,..,..,..,..,..,..,..,..,..,..,..,..,..,..,..,..,..,..,..,..,..,..,..,..,..,..
Canada,CAN,"Labor force participation rate, male (% of male population ages 15+) (national estimate)",SL.TLF.CACT.MA.NE.ZS,68.6500015258789,70.0999984741211,69.6399993896484,70.1600036621094,70.2699966430664,70.5999984741211,70.5599975585938,70.870002746582,71.0199966430664,71.4000015258789,71.5599975585938,71.9100036621094,72.7300033569336,72.5400009155273,72.3199996948242,72.8000030517578,73.1699981689453,73.4100036621094,73.0100021362305,72.2699966430664,72.3499984741211,72.3899993896484,72.120002746582,72.2300033569336,72.1699981689453,72.4599990844727,73.0999984741211,73.3099975585938,73.8600006103516,75.0400009155273,76.120002746582,76.7600021362305,76.629997253418,76.8499984741211,76.8499984741211,76.7300033569336,76.6999969482422,76.8600006103516,77.0500030517578,78.4499969482422,78.3300018310547,78.3499984741211,77.9300003051758,77.5599975585938,77.6699981689453,..,..,..,..,76.3899993896484,..,..,..,..,..,..,..,..,..,78.1399993896484,..
Canada,CAN,"Labor force participation rate, female (% of female population ages 15+) (national estimate)",SL.TLF.CACT.FE.NE.ZS,59.5200004577637,61.4500007629395,61.2999992370605,61.4799995422363,61.2799987792969,61.2200012207031,61.5499992370605,62.1699981689453,62.1300010681152,62.1599998474121,62.4099998474121,62.4300003051758,62.5499992370605,62.5099983215332,61.8800010681152,61.6599998474121,61.9900016784668,61.8899993896484,60.9099998474121,59.75,59.4000015258789,58.9099998474121,58.3800010681152,57.7900009155273,57.4700012207031,57.4799995422363,57.5200004577637,57.6599998474121,57.8400001525879,58.4300003051758,58.5,58.1100006103516,57.4199981689453,56.4599990844727,55.7200012207031,54.9300003051758,53.7700004577637,52.9700012207031,52.1300010681152,52.0200004577637,50.5999984741211,49.3800010681152,47.939998626709,46.5299987792969,45.7000007629395,..,..,..,..,39.9099998474121,..,..,..,..,..,..,..,..,..,29.7099990844727,..
Canada,CAN,"Life expectancy at birth, female (years)",SP.DYN.LE00.FE.IN,..,..,84.1,84.1,84,84,83.9,83.9,83.8,83.6,83.5,83.3,83,82.9,82.7,82.6,82.3,82.2,82,81.9,81.8,81.6,81.4,81.3,81.1,81,80.9,81,80.9,80.9,80.7,80.5,80.3,80.1,79.9,79.8,79.7,79.6,79.4,79.1,78.73,78.59,78.32,77.97,77.59,77.23,76.91,76.83,76.55,76.63,76.25,76.01,75.78,75.66,75.39,75.14,75.08,74.5,74.43,74.45,74.15
Canada,CAN,"Life expectancy at birth, male (years)",SP.DYN.LE00.MA.IN,..,..,79.9,79.9,79.9,79.9,79.8,79.7,79.6,79.4,79.1,78.8,78.5,78.3,78.1,77.9,77.6,77.4,77.1,76.9,76.6,76.3,76,75.7,75.4,75.2,74.9,74.8,74.7,74.5,74.3,73.9,73.7,73.5,73.3,73.1,72.9,72.7,72.3,72,71.6,71.32,70.92,70.64,70.3,69.99,69.74,69.67,69.49,69.6,69.32,69.16,69.09,68.92,68.78,68.76,68.63,68.41,68.45,68.39,68.26
Canada,CAN,Livestock production index (2004-2006 = 100),AG.PRD.LVSK.XD,..,..,106.53,105.47,102.52,98.66,98.82,98.17,98.92,99.94,102.7,101.44,103.25,101.52,102.88,106.04,106.52,97.49,100.26,98.09,96.09,94.29,89.07,83.59,80.54,78.22,76.11,72.73,73.81,72.14,81.95,80.37,80.17,76.11,76.73,78.05,76.54,74.99,75.61,73.01,72.57,69.26,71.61,73.13,72.2,68.23,66.06,65.55,66.96,66.18,66.37,64.31,65.36,63.6,63.73,64.31,59.83,57.4,56.81,57.05,..
Canada,CAN,Low-birthweight babies (% of births),SH.STA.BRTW.ZS,..,..,..,..,..,6.3826098,6.30393839999999,6.2423706,6.19460389999999,6.1573453,6.12729639999999,6.10115189999999,6.0756211,6.0473971,6.013186,5.969686,5.9136033,5.84163329999999,5.75048159999999,5.63684459999999,5.4974284,..,..,..,..,..,..,..,..,..,..,..,..,..,..,..,..,..,..,..,..,..,..,..,..,..,..,..,..,..,..,..,..,..,..,..,..,..,..,..,..
Canada,CAN,Machinery and transport equipment (% of value added in manufacturing),NV.MNF.MTRN.ZS.UN,..,..,24.8916488176983,24.8916488184046,25.6461093320968,26.7414124464362,26.044113157218,25.509459160777,25.5762887289011,25.0496454464739,24.7895001688789,24.9691026080875,25.3421659598166,27.165153336192,26.0684651115399,26.4709965694476,25.9895045309926,27.2572409803734,28.6795099721635,28.9920732117664,31.7377671041875,33.1209012090396,29.1923680456594,28.6374077269677,27.0531963939671,26.5548481543823,25.8911130692152,25.298844734119,23.7927314939823,23.1174427160874,22.8645241085762,19.6964114656252,18.5665786495662,17.7582714382174,19.0520446096654,20.2130807931341,20.0063782289784,18.2319089016775,17.4938641941642,17.8076062639821,16.4926333857817,17.568407960199,17.4200661521499,16.944408836474,16.5851938895417,16.6882076203278,16.5803521631743,16.7186687467499,17.102174331345,16.9045668204752,16.6604442785141,18.2381729200653,17.6615510958271,17.4312943262411,16.1739130434783,15.852885225111,14.5263157894737,14.1304347826087,..,..,..
Canada,CAN,Manufactures exports (% of merchandise exports),TX.VAL.MANF.ZS.UN,..,47.9100643938713,47.6670455640907,48.7419331019521,52.6756995521613,50.7074138696768,44.1132966476544,45.4899080343752,46.6883581766204,44.348104123239,47.3289401122915,48.9832628003509,46.2545948295601,52.7984766739484,55.2938064088503,57.4372495797671,60.1670153105693,60.7971211355273,62.9599721667755,63.4413016231081,64.8726033083027,66.6607386098305,65.4159081424759,62.4785490270771,61.8119439388848,62.0527905755815,61.8311134956374,61.1061321616659,58.8737827336046,58.4580316486577,57.8356804615981,59.6175871473821,59.4312486991847,60.5619661787271,62.9923451475122,59.5122892611264,57.7218684607366,54.745151524921,53.4567893520108,51.1908594487702,48.1216702469754,50.7024337263118,53.9883636674516,50.7621528218207,48.6268634509582,46.3224239930465,44.0652631866718,47.7551842357853,51.49755211761,51.6646822130927,50.6084431984038,53.4481757853841,48.8832189076725,45.7726571943643,40.6163112680927,36.187879547225,34.3028898734142,32.7909839665779,31.3927997471343,..,..
Canada,CAN,Manufactures imports (% of merchandise imports),TM.VAL.MANF.ZS.UN,..,77.3181476343833,76.7146507783591,77.4629878240021,77.8302130671872,77.2646246482156,74.3499344638219,73.9315653205965,73.7446636307244,72.3645047550592,74.7700874373705,75.6198971659772,73.8822125051086,77.3653060361595,78.2228874141563,78.8966960377722,81.0182516257337,82.0373978053906,83.5653560987232,82.9585364635072,84.1526227698287,85.2312989292148,84.4149547368058,82.6307517282449,81.7439116409502,82.7710349171499,83.0713871201713,82.2058483550593,81.670330335715,81.175495685825,80.0294439232298,81.5395089018271,83.5511522814418,82.5211340744632,82.5986839154797,81.6365961214015,80.0647543977508,78.8673653893281,75.0975330989582,73.208630457962,71.6505679485149,76.2420351220121,76.9623289215035,75.8509266997275,74.5034219170068,73.5807069145215,74.1225253958457,78.322923820823,79.453133540021,78.7218848816973,78.2316330576042,79.2200493414437,76.5989191394663,75.3659858900769,72.8251763848839,70.793076237205,68.5376227306182,66.9022475834694,68.9498928477975,..,..
Canada,CAN,"Maternal mortality ratio (modeled estimate, per 100,000 live births)",SH.STA.MMRT,..,..,..,10,10,11,11,11,11,11,11,12,12,11,11,11,10,10,10,10,9,..,..,..,..,..,..,..,..,..,..,..,..,..,..,..,..,..,..,..,..,..,..,..,..,..,..,..,..,..,..,..,..,..,..,..,..,..,..,..,..
Canada,CAN,Medium and high-tech exports (% manufactured exports),TX.MNF.TECH.ZS.UN,..,..,55.7276185480446,56.6492648778004,60.0008554591946,59.1296430144255,56.6343282202235,56.6254454646778,56.9911879976089,54.4830836927112,55.7226617555217,56.6825518971452,55.3190558999062,57.987123052251,57.8876209858918,58.2716187811849,57.9515131527004,59.9383927116091,60.8532609528708,60.8072836172119,62.1142366354843,63.0681595115725,61.5441919336397,60.1928636595881,59.0324343472545,58.6198943347872,60.829000128981,59.7445753038055,59.1230306260893,58.579783867547,57.5489599085767,..,..,..,..,..,..,..,..,..,..,..,..,..,..,..,..,..,..,..,..,..,..,..,..,..,..,..,..,..,..
Canada,CAN,Merchandise trade (% of GDP),TG.VAL.TOTL.GD.ZS,..,52.4373739088222,53.6810619005997,52.3866595949748,52.5394775290928,53.9920351626333,52.764151766408,50.5679239131103,50.9593392953055,51.1545618847788,48.9735620338803,47.1137063223946,56.5143865745712,55.351100714825,56.8016852353594,58.3983700251512,58.3165444316655,58.0199690158576,63.3145418982859,66.1545868891412,70.2444002764919,67.8360972086439,66.5375378616124,63.6151628498728,59.9464108314479,59.702668868588,55.4274742085884,49.2424458641325,44.5142606411282,41.2802499953522,42.2395214409298,42.7610908993073,45.2969407800436,44.2275899329634,46.5832888740585,47.0423420167645,47.2914962530663,41.5618708049494,41.2629370199057,46.6130214289022,47.5720940773977,47.2847351731442,43.3191958129375,40.4645939072372,39.1338636956992,40.3724173715697,42.8630125046257,38.9501035561802,36.4538130747888,35.1015527215185,35.351968579297,35.8427912884211,35.4323641059175,33.2258972465578,32.8491256012932,31.3582384419907,31.2672631073416,29.3626545830151,29.4429350984572,29.6739079626244,29.3882699562955
Canada,CAN,Military expenditure (% of GDP),MS.MIL.XPND.GD.ZS,..,1.28034448113844,1.32575622456545,1.3495298207653,1.15845887951202,1.15012649687129,0.992270560043976,1.00485841865034,1.12109997322812,1.19608445800688,1.1971536522414,1.38104398145933,1.24862138163726,1.18890178274099,1.12583240797021,1.11066965508092,1.10796602708278,1.11587879854277,1.12085229164355,1.13736897251656,1.11808087955152,1.24170306410258,1.25629390156868,1.24624320151167,1.40375258106455,1.55409007114777,1.69668025731865,1.82175350392748,1.86168769986295,1.89544433858064,1.95879374221417,1.93461430865038,1.98676711890836,2.06257637101059,2.10919711788911,2.09737623375073,2.11718885542571,2.08119624877852,1.954343585383,1.7099156381512,1.76444861477782,1.71124591794032,1.84888740061337,1.80576360007784,1.76592797783934,1.86354185265607,1.7838130850829,1.83260181767425,2.01181843821932,2.13148563939489,2.18897969593808,2.27378467044438,2.54364188044292,2.74792676977819,2.68328242154957,2.93026065941654,3.40206283659061,3.62065011154897,3.99921638867122,4.12831224346052,4.18525654025553
Canada,CAN,Methane emissions (% change from 1990),EN.ATM.METH.ZG,..,..,..,..,..,..,..,..,38.4680248356114,36.9658739844797,35.4643063106261,34.5571416537612,39.7681546326955,39.9301483214214,39.9029333817154,40.6351448547565,48.3862188729127,44.0279406714314,38.4320306880844,33.5514848341509,32.4071614169912,35.7921815366073,48.9668042533063,27.1873359813902,26.885898125409,42.0645771640737,35.3839574410181,15.8447970867055,8.08296668761786,5.5861903620235,..,..,..,..,..,..,..,..,..,..,..,..,..,..,..,..,..,..,..,..,..,..,..,..,..,..,..,..,..,..,..
Canada,CAN,"Mortality rate, infant (per 1,000 live births)",SP.DYN.IMRT.IN,..,4.2,4.3,4.4,4.5,4.6,4.7,4.7,4.8,4.8,4.9,5,5,5.1,5.1,5.2,5.2,5.2,5.2,5.2,5.3,5.3,5.4,5.5,5.6,5.8,6,6.2,6.4,6.6,6.8,7,7.3,7.5,7.7,8,8.3,8.7,9.2,9.7,10.3,11,11.7,12.5,13.3,14.1,15,15.9,16.7,17.6,18.5,19.4,20.3,21.2,22.1,23.1,24,25,26,26.9,27.8
Canada,CAN,Net lending (+) / net borrowing (-) (% of GDP),GC.NLD.TOTL.GD.ZS,..,0.461352554258515,0.668523501521681,0.575076350691488,0.412730871331151,0.998722896723441,0.948871044469965,-0.0719674448508055,-0.516854977958138,-0.913204084699778,-2.22659946779165,-1.20724910917368,0.779649142761036,1.79144752060969,1.53651604636622,0.745433400045729,1.49694368676189,1.10987853480357,1.48034557090156,1.64655130841162,2.1997799312943,0.968382948814186,0.672573736123632,0.398827303905299,-2.38056621584252,-3.99192736072224,-4.71294111388499,-5.52048863294512,-5.02165445330361,-5.04595618467136,-4.53840348515217,..,..,..,..,..,..,..,..,..,..,..,..,..,..,..,..,..,..,..,..,..,..,..,..,..,..,..,..,..,..
Canada,CAN,Number of deaths ages 5-9 years,SH.DTH.0509,..,144,152,160,168,174,174,168,163,162,164,168,175,183,190,197,206,217,231,245,259,273,286,298,308,318,328,341,354,368,380,..,..,..,..,..,..,..,..,..,..,..,..,..,..,..,..,..,..,..,..,..,..,..,..,..,..,..,..,..,..
Canada,CAN,"Part time employment, total (% of total employment)",SL.TLF.PART.ZS,42.2700004577637,41.8699989318848,38.4099998474121,40.9000015258789,40,40.3600006103516,42.7700004577637,40.0999984741211,38.8899993896484,40.2599983215332,41.1199989318848,42.6100006103516,39.4500007629395,38.25,39.6500015258789,38.2000007629395,39.5200004577637,41.2400016784668,38,37.2400016784668,33.8899993896484,35.7200012207031,36.9500007629395,35.5699996948242,35.8699989318848,37.1599998474121,36.0900001525879,38.0400009155273,39.6100006103516,36.0299987792969,32.5099983215332,30.6599998474121,34.2299995422363,37.4199981689453,34.9000015258789,35.0099983215332,35,35.5,36.3199996948242,36.9799995422363,33.0200004577637,29.7099990844727,30.4500007629395,33.5699996948242,34.3199996948242,..,..,..,..,..,..,..,..,..,..,..,..,..,..,..,..
Canada,CAN,"Patent applications, residents",IP.PAT.RESD,..,4238,4349,4053,4078,4277,4198,4567,4709,4754,4550,5067,5061,4998,5522,5183,5231,3929,3959,3963,4187,4061,3809,3344,2583,2431,2480,3623,2807,2182,2549,3031,2772,2527,2161,2092,2026,2017,2000,2164,1648,..,..,..,..,..,..,..,..,..,..,..,..,..,..,..,..,..,..,..,..
Canada,CAN,People using safely managed sanitation services (% of population),SH.STA.SMSS.ZS,..,..,..,82.3163979702352,82.3635458923138,82.4107334799446,82.4578927164261,82.5050346818934,82.5521446816338,82.5992192792987,81.9685365652424,81.3368956452862,80.7043782742065,80.0709778287639,79.4366893075745,78.8016683464477,78.1576231529951,77.477544720304,76.7974890726061,76.7973961196238,76.7969978675604,..,..,..,..,..,..,..,..,..,..,..,..,..,..,..,..,..,..,..,..,..,..,..,..,..,..,..,..,..,..,..,..,..,..,..,..,..,..,..,..
Canada,CAN,"Physicians (per 1,000 people)",SH.MED.PHYS.ZS,..,..,..,2.6102,2.3105,2.5388,2.4961,2.4509,2.3962,..,2.0384,..,1.959,..,1.9086,..,1.8971,..,1.8969,1.8871,..,2.1,1.8611,2.1,2.1,2.1,2.1,2.2,2.1,2.1,2.1,2.1,2.1,2.1,2,2,1.9,1.9,1.9,1.8,1.8,1.8,1.8,1.7,1.7,1.7,1.6,1.6,1.6,1.5,1.4,1.4,1.3,1.3,1.3,1.3,1.3,1.3,1.2,1.1,..
Canada,CAN,Population ages 0-14 (% of total population),SP.POP.0014.TO.ZS,..,15.8458997418597,15.8702508744405,15.8700368165769,15.8980345295862,15.9914808682322,16.0615434965187,16.1672587173447,16.2967215823364,16.4152636142646,16.4885758761591,16.6764105106923,16.8917276022974,17.1356755017811,17.4009781544923,17.6759463416422,17.97989369582,18.2700845730418,18.5467708704619,18.8372449767201,19.1636740000281,19.4561309515068,19.7578894701908,20.0413436960093,20.2573802396831,20.3770059900936,20.5221114611985,20.6019784175875,20.633137083579,20.6527456711133,20.6924003893931,20.7820621584604,20.8880656939412,21.0105341099062,21.1421427119053,21.2799667195058,21.4776573554039,21.6967994992419,21.9594717437115,22.3074539749954,22.7556331302853,23.3171892168593,24.0008615280651,24.7623727241159,25.5074014157219,26.1721134650215,26.9970156823407,27.7658112607082,28.49975403442,29.2712809101313,30.1302927633835,30.8599249521944,31.5851017607878,32.2700384589668,32.8536119946571,33.2912403619731,33.5750870763584,33.7645868082997,33.8601233779104,33.8500010200744,33.727228132045
Canada,CAN,"Population ages 65 and above, male (% of male population)",SP.POP.65UP.MA.ZS,..,16.3406620009612,15.9239328623382,15.5317414871829,15.136828622175,14.7207214812156,14.2663921534501,13.8172734455597,13.3914678863015,13.0120596679328,12.6873530853378,12.3859296631287,12.1268872986017,11.9030514369552,11.7030845066573,11.5176661120255,11.3653463374471,11.2384799481553,11.125093733808,11.0070410378718,10.8703368025935,10.7517445124634,10.618491452008,10.4739786507165,10.3280759758501,10.1853916214548,10.058136145884,9.93296527625922,9.80406724342474,9.66353407063488,9.50534790782131,9.34183253266997,9.17203793322285,9.00108126751113,8.83805586876362,8.68745469205145,8.56208997266234,8.45580520802799,8.35925181725322,8.25395131373723,8.12618944618892,8.01831348071974,7.88853484143628,7.7426932231738,7.59691170683055,7.46136263013904,7.39150308172127,7.33965678220266,7.29822021074674,7.25162349711235,7.188329694747,7.17811426744451,7.17053544200318,7.16929820674663,7.18006537182305,7.2039264122074,7.23332563110995,7.27165139765212,7.31405859893903,7.3538596378457,7.38516114862012
Canada,CAN,"Population ages 65 and above, female (% of female population)",SP.POP.65UP.FE.ZS,..,18.9357739753283,18.5204478409321,18.1331231130747,17.7523480785811,17.3646402786396,16.9585212702557,16.5645973493865,16.1943382178139,15.8681731238282,15.5974412751824,15.3268443177301,15.1131848130433,14.9455664542068,14.8085277855928,14.6904879742231,14.55845739712,14.4586910775457,14.3806712791879,14.3083089950975,14.228468001001,14.1202645928532,14.0100442367373,13.8984431185574,13.7910884642547,13.6896583148705,13.5520149773035,13.4201958783265,13.28645280695,13.1395679782639,12.9709851307996,12.7368965565573,12.4918588298704,12.2454233407463,12.0134604633157,11.8047327097716,11.5466709565973,11.321925099733,11.1213188774757,10.9251714051397,10.7190934147178,10.4796100023782,10.2337195664123,9.98776517383867,9.75776619714113,9.55328897178352,9.3734513374062,9.22439963967343,9.09988354912064,8.98346410184506,8.86061521217328,8.71694021977745,8.58587564468924,8.47103548103443,8.37798877341922,8.30779849132566,8.22758506531716,8.16171907097555,8.10693969976516,8.06038082757354,8.01952921619068
Canada,CAN,Population growth (annual %),SP.POP.GROW,..,1.42405130729193,1.39794779099322,1.19428049219424,1.13234865466606,0.746339477969813,1.00533757867378,1.05659125917789,1.08581726304756,0.978697786570341,1.11186407517168,1.14175809912162,1.08290711607014,0.971135141368055,1.01033450270045,0.944466927450734,0.933020777495183,0.901372739095955,1.08744792718674,1.08635096562717,0.931281553452429,0.812842623716166,0.829909353323744,0.993788591465188,1.04531178311831,1.03476948386834,1.09525810706129,1.09893087887878,1.18367554138942,1.24276123131684,1.50766067284807,1.79419351491939,1.29662488995999,1.31816778174498,0.994040150630969,0.91377427539001,0.944034716041094,0.988487567147771,1.18962434077573,1.23339725480528,1.28959497847156,0.989698733234704,0.99545694441135,1.17025687783266,1.31580656558804,1.45942491323998,1.39602166927373,1.22261658426849,1.16084656651465,2.94819452761436,1.39783160033129,1.35978347208384,1.61340850346382,1.79935650480125,1.86281377101388,1.81016659700882,1.88571494336137,1.86284592763531,1.85988823339904,2.00112211044303,..
Canada,CAN,Population density (people per sq. km of land area),EN.POP.DNST,..,..,4.13333255257044,4.07595272592211,4.02756394169263,3.98221511356196,3.9526049038602,3.91306695934121,3.87193949310642,3.83012473244929,3.79282222363503,3.75088477166589,3.70830229800827,3.66836147983568,3.63290915600646,3.5963894177628,3.56258260750269,3.52949755676983,3.49782657917661,3.45999560542028,3.42261133957721,3.39088515089358,3.36343430828311,3.33563636079723,3.30265135925243,3.26830816488374,3.23466308408036,3.19942848156117,3.16446145763971,3.12722531367149,3.08860186557717,3.04238549833307,2.98828599121753,2.94978924978724,2.91116122865311,2.88236647002595,2.85614811741335,2.82931195827603,2.80148233412413,2.76835266836873,2.73441758991879,2.69938107809971,2.67279710537734,2.64632255099776,2.61553428162564,2.5813443398594,2.54394512798377,2.50867784496057,2.47819306927932,2.44959138216224,2.37842685199747,2.34541173531246,2.31373506930386,2.27670460058959,2.23610493007153,2.19483603421526,2.15546327681725,2.1151982189683,2.0761600742394,2.03790269240507,..
Canada,CAN,Prevalence of anemia among women of reproductive age (% of women ages 15-49),SH.ANM.ALLW.ZS,..,..,..,..,9.5,9.1,8.8,8.6,8.5,8.4,8.4,8.4,8.4,8.4,8.4,8.5,8.5,8.6,8.7,8.9,9.1,9.4,9.8,10.2,10.8,11.4,12.2,13.1,14.3,15.6,17.2,..,..,..,..,..,..,..,..,..,..,..,..,..,..,..,..,..,..,..,..,..,..,..,..,..,..,..,..,..,..
Canada,CAN,"Probability of dying among adolescents ages 10-14 years (per 1,000)",SH.DYN.1014,..,0.5,0.6,0.6,0.6,0.6,0.6,0.6,0.6,0.6,0.6,0.6,0.6,0.7,0.7,0.7,0.7,0.7,0.7,0.8,0.8,0.8,0.9,0.9,0.9,0.9,1,1,1,1.1,1.1,..,..,..,..,..,..,..,..,..,..,..,..,..,..,..,..,..,..,..,..,..,..,..,..,..,..,..,..,..,..
Canada,CAN,"Probability of dying among youth ages 20-24 years (per 1,000)",SH.DYN.2024,..,2.9,2.9,2.8,2.7,2.7,2.6,2.6,2.6,2.6,2.6,2.7,2.7,2.8,2.8,2.9,2.9,3,3,3,3.1,3.1,3.2,3.3,3.3,3.4,3.5,3.6,3.7,3.9,4.1,..,..,..,..,..,..,..,..,..,..,..,..,..,..,..,..,..,..,..,..,..,..,..,..,..,..,..,..,..,..
Canada,CAN,Ratio of female to male labor force participation rate (%) (national estimate),SL.TLF.CACT.FM.NE.ZS,86.7006542386259,87.6604880178779,88.0241237425576,87.628272994859,87.2064916845893,86.7138846230198,87.2307275605398,87.723995709798,87.4824049631673,87.0588214551819,87.213529872343,86.8168504044608,86.0030198679998,86.173142449124,85.5641611300281,84.6977984376929,84.7205182858355,84.3073100425316,83.4269251680875,82.6760796670556,82.1009022510563,81.3786439343942,80.9484176993906,80.0083043468111,79.631429511983,79.3265253498376,78.6867327748673,78.652300869778,78.3103163750604,77.8651380494392,76.8523356400257,75.7034900900867,74.9314892692158,73.4677946720914,72.5048826636823,71.5886848716163,70.1043058633342,68.917513401072,67.6573640537006,66.3097545970386,64.598490094839,63.0248909123149,61.5167437943985,59.9922643681688,58.8386788210479,..,..,..,..,52.2450584713845,..,..,..,..,..,..,..,..,..,38.0214989973605,..
Canada,CAN,Real interest rate (%),FR.INR.RINR,..,..,..,0.236962667766969,1.93140658409415,3.68401595908269,1.03526946611102,1.24099043691368,1.52912910864337,-0.228971698020423,-0.256569008910603,4.82308819980106,0.703543862541127,7.53159520293752,4.66743019465166,2.99117895600194,1.50587997095738,3.38686471484153,3.33947920367125,3.71317224370862,2.54865068120535,3.26407128889451,5.68096573195875,-4.31154133058927,4.25224645344274,6.26093785632234,5.3273438848881,4.58067782193789,5.90741442547461,6.68105128111691,10.2983722186252,8.22459427584966,5.99593314978244,4.51987758020423,7.21407390911149,7.02467387838622,8.22644982820779,5.1124373194426,6.42435276584203,7.65650272404431,3.78888317465111,2.5533840192771,2.6261509295256,1.57533057875742,1.14647653695683,-1.50611924264157,-4.24201374328164,-1.97850924985531,0.154899910977053,1.42758275246031,12.3709979406563,2.98600171496345,2.74647409207131,1.44392139922629,0.99917351591182,1.91334464825834,2.83585531513651,3.52987247287691,4.34478612976806,3.08434502191211,..
Canada,CAN,Renewable electricity output (% of total electricity output),EG.ELC.RNEW.ZS,..,..,..,..,..,63.011450040254,62.8249922157553,63.2980330554908,63.230561170877,62.3382501312229,61.396756842691,62.8503473332841,61.472527402962,60.2962722574056,59.5442882203545,60.0294267425595,58.4463170880115,58.915564963989,59.8864192109229,58.0326562447014,60.6003011908929,61.1837048424289,60.4060543150615,62.3509414225941,63.1060742256021,61.0040981776948,60.4004513445858,61.7223279842591,61.6792144214931,61.4104129913602,62.3787188226728,..,..,..,..,..,..,..,..,..,..,..,..,..,..,..,..,..,..,..,..,..,..,..,..,..,..,..,..,..,..
Canada,CAN,Researchers in R&D (per million people),SP.POP.SCIE.RD.P6,..,..,..,4325.64492,4369.6299,4523.09283,4541.84807,4623.11761,4627.4515,4780.08165,4646.30508,4451.47828,4715.39105,4595.39481,4323.08007,4250.05244,4098.00332,3913.5484,3719.25787,3708.21662,3527.48297,3255.43936,3171.46654,3132.90307,3071.85016,..,..,..,..,..,..,..,..,..,..,..,..,..,..,..,..,..,..,..,..,..,..,..,..,..,..,..,..,..,..,..,..,..,..,..,..
Canada,CAN,Rural population (% of total population),SP.RUR.TOTL.ZS,..,18.518,18.589,18.65,18.7,18.741,18.782,18.822,18.863,18.904,19.063,19.242,19.422,19.604,19.787,19.878,19.955,20.033,20.112,20.19,20.522,20.897,21.276,21.66,22.049,22.325,22.586,22.848,23.113,23.38,23.418,23.438,23.458,23.478,23.498,23.646,23.805,23.965,24.126,24.288,24.337,24.377,24.417,24.457,24.497,24.389,24.269,24.149,24.029,23.91,24.346,24.839,25.338,25.845,26.358,27.108,27.893,28.693,29.506,30.332,30.939
Canada,CAN,"Share of youth not in education, employment or training, total (% of youth population)",SL.UEM.NEET.ZS,17.9300003051758,12.3599996566772,12.8400001525879,12.5799999237061,13.5,13.8199996948242,13.8999996185303,13.4799995422363,13.789999961853,13.6199998855591,14.1000003814697,14.3599996566772,12.7399997711182,12.3199996948242,12.3699998855591,12.7799997329712,13.0900001525879,13.1899995803833,13.2200002670288,13.3299999237061,13.8999996185303,14.2299995422363,15.289999961853,15.8900003433228,16.25,16.0499992370605,16.7000007629395,17.2700004577637,17.3799991607666,16.8999996185303,15.1700000762939,14.0200004577637,14.6199998855591,15.9099998474121,17.2600002288818,18.3500003814697,20.0699996948242,21.75,21.9599990844727,18.0400009155273,18.4500007629395,18.5499992370605,19.7600002288818,20.1700000762939,19.6800003051758,..,..,..,..,..,..,..,..,..,..,..,..,..,..,..,..
Canada,CAN,"Stocks traded, total value (% of GDP)",CM.MKT.TRAD.GD.ZS,..,82.500800820133,80.0375689635033,77.5541984282972,75.4700994944071,70.448465426415,74.5320409218185,71.6530599618301,73.7218836662613,82.4116325530556,87.0787053086737,97.2106019643797,97.0175871011535,119.114247762105,94.0496067240001,79.7112395049357,69.0477315342264,56.7635894832271,59.1676625715035,60.5598705163064,84.6680839132135,58.0804721796232,56.4567288511088,51.7686208346056,42.1578590014504,30.363575826957,27.0076892460738,23.1055813617366,12.7796916400263,12.015714162542,11.4702391715981,15.8179597444643,13.5560362968669,21.6208857439599,15.1507455562971,10.6896710706219,7.12160785150453,8.27179247589298,5.25290502180866,7.73532993127607,9.9163485653298,7.43704843366435,4.64660236789814,3.15057513406304,3.0830655130069,2.99645012504667,..,..,..,..,..,..,..,..,..,..,..,..,..,..,..
Canada,CAN,"Survival to age 65, female (% of cohort)",SP.DYN.TO65.FE.ZS,..,..,92.2575774,92.163931,92.0936046,92.0232782,91.9529518,91.8826254,91.812299,91.6387726,91.4652462,91.2917198,91.1181934,90.944667,90.8129298,90.6811926,90.5494554,90.4177182,90.285981,90.1336168,89.9812526,89.8288884,89.6765242,89.52416,89.3624642,89.2007684,89.0390726,88.8773768,88.715681,88.53571,88.355739,88.175768,87.995797,87.815826,87.5965226,87.3772192,87.1579158,86.9386124,86.719309,86.3839714,86.0486338,85.7132962,85.3779586,85.042621,84.7309756,84.4193302,84.1076848,83.7960394,83.484394,83.2553732,83.0263524,82.7973316,82.5683108,82.33929,82.1230428,81.9067956,81.6905484,81.4743012,81.258054,80.8871096,80.5161652
Canada,CAN,"Survival to age 65, male (% of cohort)",SP.DYN.TO65.MA.ZS,..,..,88.2719362,88.028847,87.910382,87.791917,87.673452,87.554987,87.436522,87.1139378,86.7913536,86.4687694,86.1461852,85.823601,85.5547236,85.2858462,85.0169688,84.7480914,84.479214,84.128463,83.777712,83.426961,83.07621,82.725459,82.2697438,81.8140286,81.3583134,80.9025982,80.446883,80.0297684,79.6126538,79.1955392,78.7784246,78.36131,77.884795,77.40828,76.931765,76.45525,75.978735,75.2775126,74.5762902,73.8750678,73.1738454,72.472623,72.0857134,71.6988038,71.3118942,70.9249846,70.538075,70.3220358,70.1059966,69.8899574,69.6739182,69.457879,69.3184064,69.1789338,69.0394612,68.8999886,68.760516,68.5746672,68.3888184
Canada,CAN,"Taxes on income, profits and capital gains (% of revenue)",GC.TAX.YPKG.RV.ZS,..,55.4423195442648,55.0517681860965,54.9120234604106,54.3630746164171,54.0111395589094,54.0700413393478,53.1394723336899,53.0428979797429,53.8083962392606,52.770415828113,53.5026741812117,55.1683410309715,54.8331627292598,54.4530679885973,53.1142470373816,52.5142829785197,50.3481148466503,50.2560648064185,52.8881037937945,54.4407148689105,53.7307701538388,52.5568210942866,51.8258179781873,51.08830389087,48.8215612923935,47.9865484158122,47.915934348214,48.2814528770275,49.1085088036494,51.7328572469577,..,..,..,..,..,..,..,..,..,..,..,..,..,..,..,..,..,..,..,..,..,..,..,..,..,..,..,..,..,..
Canada,CAN,Textiles and clothing (% of value added in manufacturing),NV.MNF.TXTL.ZS.UN,..,..,1.27041516406217,1.27041516401232,1.27398260059677,1.25988441322065,1.27086483326387,1.23398713031551,1.3505030894003,1.43865387144833,1.51150836540005,1.7029007685416,1.71465552289691,2.03600939232488,2.30459094477949,2.51045133050643,2.95055442537098,3.50309042628297,3.53977616121333,3.76775405511932,3.66083884430729,3.43271880315625,3.99690360178489,3.97683375910042,3.9389983720986,3.87378203456533,4.21313738663732,4.55851236350719,4.73865277555896,5.00282355357051,5.07300060511788,5.65175742391865,5.55262165220671,6.02633355840648,6.33828996282528,6.17539706027424,6.38885936005103,6.91808497612342,6.65394055085901,7.01821668264621,7.15205263910742,7.32276119402985,7.27673649393605,7.25761654488741,7.68742655699177,7.58155405056093,7.59036464557937,8.02782111284451,8.40869732538003,8.40915951528742,8.41422437931678,8.39431367979492,8.45865626443566,8.37765957446809,8.52173913043478,8.75079264426126,9.19298245614035,9.3167701863354,..,..,..
Canada,CAN,Tuberculosis treatment success rate (% of new cases),SH.TBS.CURE.ZS,..,..,..,80,78,84,82,82,79,66,78,77,79,67,60,70,61,45,36,42,35,..,..,..,..,..,..,..,..,..,..,..,..,..,..,..,..,..,..,..,..,..,..,..,..,..,..,..,..,..,..,..,..,..,..,..,..,..,..,..,..
Canada,CAN,Unemployment with advanced education (% of total labor force with advanced education),SL.UEM.ADVN.ZS,7.48000001907349,4.40999984741211,4.61999988555908,5.01999998092651,5.46000003814697,5.23000001907349,5.23999977111816,5.23999977111816,5.48999977111816,5.53999996185303,5.96999979019165,6.17999982833862,4.53999996185303,4.40000009536743,4.65999984741211,5.03999996185303,5.32000017166138,5.6399998664856,5.6100001335144,5.32000017166138,4.69999980926514,5.30000019073486,5.75,6.46000003814697,7.01999998092651,6.84000015258789,7.65000009536743,8.19999980926514,7.8899998664856,7.03000020980835,5.44000005722046,..,..,..,..,..,..,..,..,..,..,..,..,..,..,..,..,..,..,..,..,..,..,..,..,..,..,..,..,..,..
Canada,CAN,"Unemployment, total (% of total labor force) (national estimate)",SL.UEM.TOTL.NE.ZS,9.46000003814697,5.65999984741211,5.82999992370605,6.34000015258789,7,6.90999984741211,6.90999984741211,7.07000017166138,7.28999996185303,7.51000022888184,8.0600004196167,8.34000015258789,6.1399998664856,6.03999996185303,6.32000017166138,6.76000022888184,7.19000005722046,7.57000017166138,7.65999984741211,7.21999979019165,6.82999992370605,7.57999992370605,8.27999973297119,9.10000038146973,9.61999988555908,9.48999977111816,10.3999996185303,11.3800001144409,11.1999998092651,10.3199996948242,8.13000011444092,7.55000019073486,7.76000022888184,8.81999969482422,9.59000015258789,10.5,11.3400001525879,12.0200004577637,11.039999961853,7.6100001335144,7.53999996185303,7.53000020980835,8.38000011444092,8.05000019073486,7.09000015258789,..,5.40000009536743,5.59999990463257,6.30000019073486,6.40000009536743,5.90000009536743,4.69999980926514,..,..,..,..,..,..,..,..,..
Canada,CAN,Urban population (% of total population),SP.URB.TOTL.IN.ZS,..,81.482,81.411,81.35,81.3,81.259,81.218,81.178,81.137,81.096,80.937,80.758,80.578,80.396,80.213,80.122,80.045,79.967,79.888,79.81,79.478,79.103,78.724,78.34,77.951,77.675,77.414,77.152,76.887,76.62,76.582,76.562,76.542,76.522,76.502,76.354,76.195,76.035,75.874,75.712,75.663,75.623,75.583,75.543,75.503,75.611,75.731,75.851,75.971,76.09,75.654,75.161,74.662,74.155,73.642,72.892,72.107,71.307,70.494,69.668,69.061
,,,,,,,,,,,,,,,,,,,,,,,,,,,,,,,,,,,,,,,,,,,,,,,,,,,,,,,,,,,,,,,,
,,,,,,,,,,,,,,,,,,,,,,,,,,,,,,,,,,,,,,,,,,,,,,,,,,,,,,,,,,,,,,,,
,,,,,,,,,,,,,,,,,,,,,,,,,,,,,,,,,,,,,,,,,,,,,,,,,,,,,,,,,,,,,,,,
Data from database: World Development Indicators,,,,,,,,,,,,,,,,,,,,,,,,,,,,,,,,,,,,,,,,,,,,,,,,,,,,,,,,,,,,,,,,
Last Updated: 03/19/2021,,,,,,,,,,,,,,,,,,,,,,,,,,,,,,,,,,,,,,,,,,,,,,,,,,,,,,,,,,,,,,,,
