Series Name,2020 [YR2020],2019 [YR2019],2018 [YR2018],2017 [YR2017],2016 [YR2016],2015 [YR2015],2014 [YR2014],2013 [YR2013],2012,2011,2010,2009,2008,2007,2006,2005,2004,2003,2002,2001,2000,1999,1998,1997,1996,1995,1994,1993,1992,1991,1990,1989,1988,1987,1986,1985,1984,1983,1982,1981,1980,1979,1978,1977,1976,1975,1974,1973,1972,1971,1970,1969 [YR1969],1968 [YR1968],1967 [YR1967],1966 [YR1966],1965 [YR1965],1964 [YR1964],1963 [YR1963],1962 [YR1962],1961 [YR1961],1960 [YR1960]
Adjusted net national income per capita (annual % growth),nan,nan,0.156608433,4.121274882,-0.41482963,-3.126886641,1.274053879,1.615672358,0.21102906,3.453893188,4.337333733,-7.337328718,0.291206665,1.973089956,2.523085657,3.59779168,3.735601577,2.882359701,2.109387505,-0.427824188,6.29593599,5.161044304,1.135689171,3.40304652,0.564719055,3.00719555,3.212945286,1.377594809,-1.410651705,-2.906098787,-2.378250718,0.650402562,3.298705766,3.819163932,0.925857448,3.846342177,4.551073755,2.430875674,-4.10686189,1.863010924,0.310161843,0.2536297,1.692605417,0.807655639,4.20427347,1.112106765,2.329415897,5.974667396,5.345501923,1.860519647,nan,nan,nan,nan,nan,nan,nan,nan,nan,nan,nan
Adjusted net national income per capita (constant 2010 US$),nan,nan,41414.82761,41350.06991,39713.37266,39878.80175,41166.01641,40648.13725,40001.8386,39917.60086,38584.91897,36980.93251,39909.20184,39793.32103,39023.35513,38062.99321,36741.12411,35418.04698,34425.77239,33714.60082,33859.45978,31853.95515,30290.64171,29950.49716,28964.81116,28802.15987,27961.30865,27090.89307,26722.7617,27105.12054,27916.39866,28596.49501,28411.70456,27504.41484,26492.61832,26249.58458,25277.3319,24177.01798,23603.25227,24614.12019,24163.94328,24089.22769,24028.28482,23628.35009,23439.04334,22493.36093,22245.96208,21739.55738,20513.91895,19472.9899,19117.30862,nan,nan,nan,nan,nan,nan,nan,nan,nan,nan
Adolescent fertility rate (births per 1000 women ages 15-19),nan,nan,8.0346,8.387,9.0084,9.6298,10.2512,10.8726,11.494,11.9306,12.3672,12.8038,13.2404,13.677,13.8706,14.0642,14.2578,14.4514,14.645,15.7394,16.8338,17.9282,19.0226,20.117,21.1218,22.1266,23.1314,24.1362,25.141,24.7604,24.3798,23.9992,23.6186,23.238,23.5704,23.9028,24.2352,24.5676,24.9,25.9618,27.0236,28.0854,29.1472,30.209,31.6048,33.0006,34.3964,35.7922,37.188,38.7602,40.3324,41.9046,43.4768,45.049,46.8584,48.6678,50.4772,52.2866,54.096,54.8606,55.6252
Agricultural land (% of land area),nan,nan,6.491374243,6.471855171,6.474755147,6.467505206,6.459474502,6.451555335,6.443636169,6.435683541,6.500408785,6.564654418,6.62890005,6.693145683,6.757391315,6.876959575,6.893132521,6.909305467,6.925478412,6.838162441,6.835802217,6.833125316,6.830448414,6.827771513,6.825206149,6.832902241,6.840486795,6.848071348,6.855655902,6.863267939,6.848740574,6.834686842,6.820633109,6.806579377,6.792513599,6.801337112,6.810037042,6.818736971,6.8274369,6.83613683,6.877405726,6.919232309,6.961058893,7.002885477,7.044599407,7.041477471,7.038465957,7.035454443,7.032442929,7.029431415,7.044823598,7.059881168,7.074938738,7.089996308,7.105053878,7.092784747,7.044042835,6.995300923,6.946559011,6.897817098,nan
Agricultural machinery tractors per 100 sq. km of arable land,nan,nan,nan,nan,nan,nan,nan,nan,nan,nan,nan,nan,nan,nan,186.6410407,185.0388732,183.4626649,181.9125168,180.3890188,178.8905441,177.9307315,176.6155197,175.3017189,174.2330092,173.2470348,173.9236196,174.9186143,175.9110982,176.9010808,177.6851457,181.3039379,185.9971028,182.3596075,178.7313972,175.1061834,172.5554643,169.9936859,167.4069013,164.7947423,162.0597368,163.1427437,164.2093163,165.3153312,163.6311334,161.956555,160.2417042,158.5575589,158.6679378,156.4016542,154.5955196,154.907797,155.235989,155.5609133,155.9251136,156.4059639,154.8153521,153.6764667,152.4323671,151.1788277,150.1745425,nan
Alternative and nuclear energy (% of total energy use),nan,nan,nan,nan,nan,19.77084639,19.6911106,19.91241796,19.34764443,18.70906755,18.56114899,18.89958385,19.18589099,18.73280273,18.81242911,18.31901904,17.95154673,16.79457255,17.68934208,17.38897407,17.18910071,17.5201511,17.4820591,18.99097901,20.32661272,20.80666225,21.91553068,21.2060513,20.15219003,21.19362784,19.67487675,21.35515029,22.88449569,23.65510055,23.41053704,21.99816539,20.70796405,20.29038404,18.43107348,18.15438594,16.67245292,16.17114767,15.87688787,14.6990773,13.45982811,12.5819807,13.70508786,13.06035248,11.4758929,10.67094008,10.04328603,10.22201421,9.813260997,10.18847117,10.70022811,10.04635991,10.41846034,10.15013004,10.89471399,11.45254345,12.06229596
Armed forces personnel (% of total labor force),nan,nan,0.355775302,0.357036579,0.339391787,0.343010027,0.358882293,0.337338851,0.342853153,0.344677634,0.34727497,0.351223696,0.344523288,0.350185232,0.357295765,0.401195064,0.404500806,0.355176618,0.363567664,0.401616699,0.423091167,0.439018151,0.446944437,0.471944184,0.526260151,0.503735059,0.502303362,0.513459392,0.557250374,0.583414265,0.593222009,nan,nan,nan,nan,nan,nan,nan,nan,nan,nan,nan,nan,nan,nan,nan,nan,nan,nan,nan,nan,nan,nan,nan,nan,nan,nan,nan,nan,nan,nan
Arable land (hectares per person),nan,nan,1.04396474,1.053790377,1.067032606,1.072237589,1.073215372,1.076961763,1.081228322,1.085781294,1.108281812,1.132537956,1.157543941,1.182278891,1.206066444,1.228641095,1.25072576,1.272973213,1.295117911,1.320013196,1.33518088,1.348396907,1.360131477,1.372201945,1.386649703,1.402961016,1.419346861,1.436790625,1.454499877,1.473652351,1.493871433,1.518507627,1.547976696,1.570182875,1.593048166,1.601184671,1.608072588,1.615440804,1.623525666,1.634896816,1.643683609,1.653448226,1.658209047,1.662996758,1.670632015,1.687574468,1.70703494,1.72560843,1.741344575,1.756121656,1.805571187,1.827753472,1.84949865,1.876249265,1.906923384,1.926516922,1.944890039,1.964775364,1.98425916,2.003721745,nan
Birth rate crude (per 1000 people),nan,nan,10.1,10.3,10.6,10.7,10.8,10.8,11,11,11.1,11.3,11.3,11.2,10.9,10.6,10.5,10.6,10.5,10.7,10.7,11.2,11.4,11.6,12,12.6,13.1,13.6,14.7,14.9,15,14.9,14.5,14.4,14.5,14.9,15,15,15.1,15.3,15.4,15.4,15.2,15.5,15.6,15.8,15.4,15.6,15.9,16.8,17.4,17.6,17.6,18.2,19.3,21.3,23.4,24.6,25.2,26,26.7
Capture fisheries production (metric tons),nan,nan,898781,933012.75,945610,899220,940217,984043,898518,977609,1042771,1046704,1183314,1268623,1419355,1435836,1539709,1416714,1393777,1273725,1121610,1277027,1291796,1274391,1195329,948410,1120321,1188849,1400108,1561348,1748034,1719422,1801383,1665224,1561523,1496957,1338814,1436369,1581757,1638177,1540967,1598186,1557631,1397603,1259014,1151734,1134994,1230495,1247963,1447676,1539114,1574680,1602454,1446973,1536806,1415523,1393173,1398267,1287603,1107271,1078657
Cereal yield (kg per hectare),nan,nan,3878.7,4076.3,4269.2,3680.2,3654,4162.9,3458.7,3570.8,3509.6,3299.5,3391.7,2973.4,3046.3,3215.9,3141.9,2758.8,2375.4,2446.8,2805.7,3087.8,2782.6,2584.6,2844.2,2699.8,2594.5,2647,2460.3,2580.5,2636.3,2193.6,1754.4,2396.6,2570.4,2222.1,2028,2204.6,2482.8,2346.4,2141.2,2032.7,2267.4,2265.9,2275.8,2052.2,1726.7,1951.3,1987.7,2145.2,2110.8,1959.2,1734.5,1519,1972.7,1730.4,1527.2,1838.9,1595.4,985,nan
Charges for the use of intellectual property payments (BoP current US$),nan,12399643968,12778375678,11833542181,11567469044,10732654496,11712157364,11801326421,10901911781,10411408151,9731280814,8922065283,8923454841,8162785542,7083070777,6959129029,6456200016,5454962204,4479912201,3543578555,3563235579,3212822610,2592204790,2287741106,1950307887,1882422401,1763749602,1685650281,1712795353,1788570111,1663737469,1446481740,1303288288,980475172.1,936850027.5,797907068.6,798410514,718907414.1,676790445.1,595526016.7,nan,nan,nan,nan,nan,nan,nan,nan,nan,nan,nan,nan,nan,nan,nan,nan,nan,nan,nan,nan,nan
Claims on central government (annual growth as % of broad money),nan,nan,nan,nan,nan,nan,nan,nan,nan,nan,nan,nan,4.619923829,-0.576558857,1.305936814,0.525089666,0.270774046,0.218676604,0.213422782,2.696562483,2.38250489,-0.148877893,0.161112574,-1.853132706,0.230983938,0.238976282,1.603755338,3.116798716,2.452890076,3.508272654,0.752289646,0.4575481,1.855631692,-0.399281703,2.909112888,-0.985660027,0.764980875,3.101481898,0.487343382,-1.394543449,0.387106466,4.073045183,0.745954113,1.49109359,2.044098125,1.53951976,-0.918824738,1.618315653,0.818080403,0.908946304,3.839441536,-2.18766901,2.798518976,13.50643838,3.557276247,1.667503767,0.530093871,-0.727272727,0.81141046,2.138485869,nan
Children out of school (% of primary school age),nan,nan,0.211909994,0.1175,0.044130001,0.410930008,0.608870029,0.567690015,0.548330009,nan,nan,nan,nan,nan,nan,nan,nan,nan,nan,nan,0.079489999,0.07192,0.847090006,nan,4.307020187,5.240560055,4.111030102,3.560159922,1.934980035,1.690969944,4.267549992,4.276060104,4.517280102,4.515739918,4.582250118,4.895569801,4.741270065,4.172870159,3.907840014,nan,nan,nan,nan,nan,nan,nan,nan,nan,nan,nan,nan,nan,nan,nan,nan,nan,nan,nan,nan,nan,nan
Communications computer etc. (% of service exports BoP),nan,13.23577489,12.93505273,49.02718985,49.44235294,51.16526058,51.41184492,52.47408985,52.69725914,53.23016381,53.76118872,56.87431747,54.60459235,52.61439441,52.95868306,52.8889083,52.16580725,54.32177916,50.18876526,49.06705169,48.43128325,46.56870244,45.50383282,43.75472715,63.08599764,61.48025834,60.7883857,60.47079775,57.86964165,56.12435551,54.55746789,55.41978577,56.85092618,54.80219262,52.00189152,49.60933988,48.4553233,46.73901524,44.71369177,42.45903726,31.66934492,32.2495396,34.36470129,34.00275885,34.0575859,32.53737053,29.41593933,27.8035487,29.29385962,27.69009844,27.43964634,29.31781431,23.285884,20.04237497,23.34536214,21.13746795,21.82522985,21.54177305,22.0023259,23.63216393,42.79968681
Commercial service imports (current US$),nan,1.20E+11,1.20E+11,1.11E+11,1.04E+11,1.04E+11,1.13E+11,1.15E+11,1.13E+11,1.06E+11,97239565929,82288305475,88946829906,81704679378,72201494740,64516865040,57056969027,49891626742,43041563045,41633582500,42561049856,38780117222,36148517213,35831041467,34113528751,31580721835,30463812702,30630790074,29018789860,28409645361,26477599796,23147723927,19877378028,16619155657,14897685245,13480680106,12765105203,12181241897,11253951053,11649438595,10110041375,8731896669,8378427311,7955293570,7699373555,6501781519,5444496287,4352432202,3741402299,3432399500,3142202009,2748149520,2188242547,2006364597,1834974497,1629960604,1495496179,1333525792,1321961600,1387841729,1379650579
Compensation of employees (% of expense),nan,10.59999234,10.92587627,10.88927052,10.41614942,10.73226039,11.5909341,11.98718757,11.52801947,11.81526802,11.20990062,11.8263564,11.29869258,11.12493694,11.14616689,10.69614533,10.90775068,10.86725992,10.82346577,9.796221411,10.36608269,9.240426868,9.193245779,9.301519941,9.232242584,9.584197237,9.892814989,9.93087214,10.33939513,10.44412237,10.50662817,nan,nan,nan,nan,nan,nan,nan,nan,nan,nan,nan,nan,nan,nan,nan,nan,nan,nan,nan,nan,nan,nan,nan,nan,nan,nan,nan,nan,nan,nan
Contributing family workers total (% of total employment) (modeled ILO estimate),nan,0.109999999,0.129999995,0.129999995,0.129999995,0.119999997,0.129999995,0.119999997,0.109999999,0.119999997,0.109999999,0.129999995,0.150000006,0.150000006,0.170000002,0.159999996,0.189999998,0.219999999,0.209999993,0.219999999,0.280000001,0.310000002,0.419999987,0.469999999,0.409999996,0.430000007,0.439999998,0.569999993,0.519999981,0.5,nan,nan,nan,nan,nan,nan,nan,nan,nan,nan,nan,nan,nan,nan,nan,nan,nan,nan,nan,nan,nan,nan,nan,nan,nan,nan,nan,nan,nan,nan,nan
Crop production index (2004-2006 = 100),nan,nan,105.86,107.8,108.33,98.36,93.31,106.03,85.19,80.8,78.32,79.6,81.9,69.21,70.49,73,69.56,64.24,49.62,56.42,68.6,72.56,67.06,62.64,65.58,62.25,61.16,59.31,54.26,57.7,58.65,50.45,41.97,55.02,57.76,50.9,46.2,47.86,51.78,48.48,42.36,40.37,44.24,41.43,40.27,36.82,31,35.06,33.51,37.61,30.55,34.05,32.53,28.88,36.08,30.72,27.45,31.16,27.09,18.05,nan
Current health expenditure (% of GDP),nan,nan,10.79046917,10.78964806,10.97903442,10.68328094,10.25013065,10.34045982,10.42859364,10.33907032,10.6837883,10.70911217,9.59853268,9.43898201,9.34515572,9.06438637,9.09723568,9.04279232,8.88823891,8.65530014,8.27567863,nan,nan,nan,nan,nan,nan,nan,nan,nan,nan,nan,nan,nan,nan,nan,nan,nan,nan,nan,nan,nan,nan,nan,nan,nan,nan,nan,nan,nan,nan,nan,nan,nan,nan,nan,nan,nan,nan,nan,nan
Death rate crude (per 1000 people),nan,nan,7.7,7.5,7.4,7.4,7.3,7.2,7.1,7.1,7,7.1,7.2,7.1,7,7.1,7.1,7.1,7.1,7.1,7.1,7.2,7.2,7.2,7.2,7.2,7.1,7.1,6.9,7,7.3,7.3,7.3,7.2,7.2,7,7,7,7.1,7,7.1,7,7.1,7.1,7.2,7.3,7.4,7.4,7.4,7.3,7.3,7.3,7.4,7.4,7.5,7.6,7.5,7.8,7.7,7.7,7.8
DEC alternative conversion factor (LCU per US$),nan,1.326793363,1.295755074,1.297736517,1.325399636,1.279097896,1.106104944,1.02979657,0.99918831,0.989530692,1.030162783,1.1431,1.067,1.0741,1.1344,1.2118,1.301,1.4011,1.5693,1.5488,1.4851,1.4857,1.4835,1.3846,1.3635,1.3724,1.3656,1.2901,1.2087,1.1457,1.1668,1.184,1.2307,1.326,1.3895,1.3655,1.2951,1.2324,1.2337,1.1989,1.1692,1.1714,1.1407,1.0635,0.986,1.0172,0.978,1.0001,0.9899,1.0098,1.0449,1.076774955,1.077474952,1.078708053,1.077316999,1.077983022,1.078608036,1.078508019,1.068766952,1.013067007,0.969783008
Domestic credit provided by financial sector (% of GDP),nan,nan,nan,nan,nan,nan,nan,nan,nan,nan,nan,nan,nan,nan,213.4666324,196.5181243,188.5495921,186.3149839,192.3090394,197.8895527,111.0613099,114.3432578,115.946278,117.4818011,115.5655099,111.0059073,111.9176904,112.4187492,111.1346207,106.8188481,100.5870155,96.42420474,92.02323507,89.64831115,89.5172085,87.40571199,86.98557067,87.49937454,91.12089003,93.34851452,82.10190419,82.15367921,78.8088713,74.23788032,58.99594021,57.37061391,56.19018689,nan,nan,nan,nan,nan,nan,nan,nan,nan,nan,nan,nan,nan,nan
Domestic general government health expenditure (% of GDP),nan,nan,7.93011045,7.89897966,8.01765537,7.91004276,7.54830933,7.67859077,7.72764158,7.63263273,7.81783676,7.87023449,7.0158391,6.88177204,6.79418945,6.620224,6.64661694,6.61388111,6.43846083,6.30119514,6.02896738,nan,nan,nan,nan,nan,nan,nan,nan,nan,nan,nan,nan,nan,nan,nan,nan,nan,nan,nan,nan,nan,nan,nan,nan,nan,nan,nan,nan,nan,nan,nan,nan,nan,nan,nan,nan,nan,nan,nan,nan
Electric power consumption (kWh per capita),nan,nan,nan,nan,nan,nan,15588.48715,15750.81163,15336.62486,15644.54028,15269.74548,15450.73069,16377.4797,16683.13366,16508.33955,16948.27522,17264.73674,17208.52352,16960.63967,16840.19375,17037.07228,16678.9326,16435.78699,16653.67705,16607.20634,16532.38204,16388.2805,16320.1273,16164.41904,16181.58875,16167.37456,16464.03951,16389.3381,15798.28727,15363.39958,14857.25859,14343.39203,13457.06579,12981.07867,13239.40876,12803.97551,12422.76113,12269.0193,11797.26259,11075.95423,10466.58262,10804.6008,10241.92086,9803.558419,9166.683666,8962.202213,8532.908503,8030.418434,7630.168528,7359.088188,6909.89938,6468.926261,5966.04092,5791.12496,5605.111926,5630.629813
Electricity production from hydroelectric sources (% of total),nan,nan,nan,nan,nan,56.74419298,57.25461666,58.88807883,59.72330209,59.04023435,58.18440158,60.46978159,59.73576676,58.47559142,57.74160186,58.3248996,56.81861752,57.2385004,58.31312234,56.51581946,59.19936723,59.72294432,59.0920664,61.13981869,62.07523096,59.98571441,59.35757181,60.80542437,60.80929655,60.62687207,61.55845665,58.33183174,60.7773635,63.71935,66.3072759,66.16685697,65.47287247,65.21148518,66.5536764,68.12861753,67.28175783,67.97944919,68.60577358,68.36311354,71.31949567,73.07275877,74.30541594,72.07245234,73.79889244,73.23572237,75.47873153,77.08265106,75.4558096,79.1967026,81.22419117,80.22119114,83.15781818,84.17860328,87.96845669,90.91027365,92.08906059
Employment to population ratio 15+ total (%) (modeled ILO estimate),57.86000061,61.86000061,61.45000076,61.43000031,60.90999985,61.08000183,61.22000122,61.54000092,61.41999817,61.41999817,61.25,61.20000076,63.09999847,63.00999832,62.36999893,62.15999985,62.18999863,61.97999954,61.24000168,60.65000153,60.81000137,60.13999939,59.31999969,58.54999924,58.04000092,58.29999924,58.04999924,57.59999847,58.02999878,59.41999817,nan,nan,nan,nan,nan,nan,nan,nan,nan,nan,nan,nan,nan,nan,nan,nan,nan,nan,nan,nan,nan,nan,nan,nan,nan,nan,nan,nan,nan,nan,nan
Energy use (kg of oil equivalent per capita),nan,nan,nan,nan,nan,7631.34157,7897.855615,7743.725742,7733.411655,7911.554588,7788.560786,7797.121136,8194.880771,8213.389543,8239.946371,8422.034308,8455.547014,8341.343144,7993.879384,8056.349425,8265.079925,8107.515156,7948.397278,8056.243628,8053.454858,7979.898446,7957.245633,7770.546448,7601.685177,7517.330304,7630.092306,7963.297905,7885.2444,7671.1996,7521.886893,7468.096343,7368.74044,7076.523318,7173.555164,7555.244931,7828.837983,7862.206395,7561.744939,7431.439886,7293.698609,7170.412528,7089.999991,7084.623683,6863.444335,6436.226256,6476.388529,6091.10001,5871.520391,5557.29174,5272.664705,5153.932412,4903.607607,4694.12007,4451.560116,4307.820754,4251.435911
Expense (% of GDP),nan,18.14210648,17.60792965,17.59589782,17.49860407,17.05977868,16.40204983,17.08488216,17.51751993,17.8920314,19.12965946,18.901915,17.12584313,17.00728044,17.07752343,17.8811569,17.32486765,18.10116954,18.02704102,18.77712066,18.83719179,19.82412405,20.2442134,20.43854409,22.41841818,23.50522876,23.82322133,25.21702695,25.61999053,25.45773847,24.18740629,nan,nan,nan,nan,nan,nan,nan,nan,nan,nan,nan,nan,nan,nan,nan,nan,nan,nan,nan,nan,nan,nan,nan,nan,nan,nan,nan,nan,nan,nan
Exports of goods and services (% of GDP),nan,31.64447076,32.07721183,31.41052736,31.50257241,31.84996096,31.73657587,30.33193867,30.35302552,30.75016865,29.23608308,28.58804427,34.48067454,34.3193529,35.50606585,36.97492216,37.45521827,36.9964577,40.20128597,42.18850422,44.3568161,42.00534019,40.16771667,38.25932072,37.22012128,36.2133628,32.88393896,29.23766599,26.28757058,24.44108213,25.1648997,25.14192274,26.15690878,26.11299364,27.09981886,27.65487125,28.04236023,25.02150392,25.28433991,26.47356049,27.60018403,26.41722639,24.61361299,22.77854134,21.75581158,22.03377681,24.07449693,22.7654487,21.28538003,21.06642371,21.91792635,20.91169759,20.88641031,19.99652514,19.1121454,18.33699704,19.03340531,17.97583315,17.6174848,17.62726441,nan
Fertility rate total (births per woman),nan,nan,1.4988,1.4961,1.5433,1.563,1.5818,1.587,1.6142,1.61,1.6269,1.668,1.6808,1.6589,1.5862,1.5434,1.5258,1.5251,1.5014,1.5104,1.488,1.508666667,1.529333333,1.55,1.592,1.639,1.6695,1.7,1.71,1.7,1.83,1.77,1.68,1.68,1.675,1.67,1.65,1.68,1.69,1.7,1.74,1.754,1.768,1.782,1.796,1.824,1.837,1.89,1.98,2.141,2.258,2.334,2.386,2.528,2.749,3.115,3.456,3.607,3.681,3.753,3.811
Fixed broadband subscriptions (per 100 people),nan,40.8261656,38.96365923,37.90637316,36.79332821,36.40462417,35.23968495,34.26529941,33.47432552,32.66605015,31.67752464,30.49241878,29.52309639,27.55877068,24.72263335,21.77568932,17.0231523,14.33242226,11.27388014,9.183916113,4.612640034,1.92063266,0.466323561,nan,nan,nan,nan,nan,nan,nan,nan,nan,nan,nan,nan,nan,nan,nan,nan,nan,nan,nan,nan,nan,nan,nan,nan,nan,nan,nan,nan,nan,nan,nan,nan,nan,nan,nan,nan,nan,nan
Fixed telephone subscriptions (per 100 people),nan,35.46278724,37.33557257,39.39062011,41.65556256,43.33530798,45.99440612,47.93955938,50.75879037,52.90806299,53.86621429,55.43752872,54.7429305,55.51650531,56.04698431,56.42278838,64.63203117,65.45975794,66.14223506,68.41305071,68.13044024,67.25514367,64.26604852,62.73875441,61.01606239,60.23490757,59.77119986,58.55689128,57.56219377,56.70707355,55.53771408,53.8927792,52.13669637,50.86207174,49.65596822,48.47837681,46.48192147,41.5881875,41.48024232,41.73192114,40.86925745,39.71255642,38.78800841,37.74161775,36.88354827,35.8988025,30.4758,30.4758,30.4758,30.4758,30.47581477,26.8443,26.8443,26.8443,26.8443,26.84433141,27.9453,27.9453,27.9453,27.9453,27.9452503
Food exports (% of merchandise exports),nan,11.9161922,11.92582825,12.48271866,12.85379273,12.26509264,10.98643546,10.31655867,10.20802264,10.20248185,10.09084107,11.19229478,9.05300013,8.035892825,7.35855753,7.092897271,7.706004217,7.355188439,7.436971879,7.817531254,6.727250219,6.93821049,7.846683846,8.254809635,8.101390138,7.612082894,7.740857932,8.073178422,9.365021328,8.939248094,8.587831636,8.028552032,9.380733144,9.404433101,9.256616011,9.288143828,10.98331322,12.67745061,13.41826997,12.85171758,12.31743012,11.40622591,11.4299138,11.65185944,12.16840808,13.61970414,13.37165632,14.1714396,12.8934179,13.27603279,12.20459731,10.62312229,12.59822624,15.44677725,20.32515411,20.81807105,23.15536092,21.99035459,20.06724626,nan,nan
Food imports (% of merchandise imports),nan,8.162830452,7.966069282,8.203095995,8.469731233,8.182513853,7.716957285,7.457354616,7.240644786,7.106274549,7.177614246,7.916652981,6.437484432,6.169747742,5.761873143,5.630011672,5.81021995,6.201338566,6.064471509,5.822439561,5.10158345,5.307835941,5.553141832,5.52744778,5.812577801,5.698260889,6.024404483,6.264741491,6.348158909,6.383161184,6.130595114,5.742448669,5.603233928,6.049298345,6.185172414,5.942284246,6.529163959,7.005504501,7.6846722,7.02868631,7.452742424,7.291386358,8.107673298,8.365812713,8.145860293,8.29776401,8.614630489,8.940073711,7.851451987,7.922002711,8.635235186,7.995706388,7.881618732,8.621593559,9.012312959,9.811348134,11.61627213,12.92239464,11.66132637,nan,nan
Food production index (2004-2006 = 100),nan,nan,106.26,107.09,106.64,98.32,95.04,103.47,89.98,87.48,86.7,86.65,88.86,79.94,80.92,83.69,82,75.13,66.3,70.05,77.58,79.31,73.7,69.04,70.04,66.79,65.51,63.4,60.7,62.1,65.89,60.17,54.6,61.62,63.37,59.2,55.78,56.47,59.24,56.2,52,49.37,52.79,51.41,50.77,46.84,42.25,44.67,44.31,46.6,41.34,43.4,43,40.21,44.72,41.32,37.84,39.37,36.56,30.61,nan
Foreign direct investment net (BoP current US$),nan,31085020262,18933551593,52829985895,33404095513,23927632715,805191688.4,-12563236013,12879466786,11756393310,6626667134,16787996096,18568974469,-55310207534,-13950022417,1727389339,43370579703,16417567996,4749229278,8440763883,-21653038994,-7526468527,11369485482,11546289245,3471751715,2170895576,1079642881,962554678.6,-1229978110,2962324152,-2351322580,-756426909.1,149516835.8,-994078844.8,655376615.3,2507671553,-1090877860,629011721.3,2281061698,4881869417,-1719851090,-1479180378,-1462953096,-1740950705,-1448131765,-2136728996,-2366551997,-2018654190,-2030697594,-1815306869,-896964280.8,-1199987250,-1012517433,-1211663929,-1207977811,-1011075310,-318267102.7,-466340464.1,-645713817.3,-639517888.3,-640621218.7
GDP per capita (constant 2010 US$),nan,51588.76143,51476.20077,51170.47584,50193.75041,50262.02767,50306.94462,49397.52332,48785.93608,48464.49628,47448.01322,46540.64371,48495.20404,48534.17448,45857.99655,44471.08006,42757.00398,41532.21955,40369.74456,39460.73607,39338.8369,37845.73975,36697.54986,35996.71024,37810.13594,37598.65558,36993.14825,35791.89121,35249.45116,35350.91941,36555.56857,37049.8671,36866.42522,35770.05772,34826.23031,34435.51127,33179.75834,31625.86902,31130.23398,32539.91059,31837.66166,31570.38587,30743.44774,29947.88095,29293.26015,28033.2771,28035.7333,27526.8919,26082.56884,25009.18466,24773.89477,22440.21639,21654.85265,20959.97701,20700.63596,19764.64638,18929.92775,18088.66803,17492.99433,16589.55091,16405.90534
Goods and services expense (% of expense),nan,7.329438336,7.508395582,7.556264549,7.167926871,7.125587148,7.125218518,6.90344834,7.588079267,7.781479435,7.349037615,7.110935591,7.520568609,7.513405452,7.990362278,7.489117179,8.10796748,7.988176138,8.263572471,7.847623673,7.381367441,7.167859385,7.251196324,6.901441995,7.070696556,7.002237596,7.552396244,7.436304376,6.868581147,7.023043131,7.51888222,nan,nan,nan,nan,nan,nan,nan,nan,nan,nan,nan,nan,nan,nan,nan,nan,nan,nan,nan,nan,nan,nan,nan,nan,nan,nan,nan,nan,nan,nan
High-technology exports (% of manufactured exports),nan,16.51307169,15.69048913,14.70105725,14.41885817,15.1461249,15.04505966,15.77685709,15.93129484,15.05172418,15.89718957,18.22358567,15.38765995,14.9010546,nan,nan,nan,nan,nan,nan,nan,nan,nan,nan,nan,nan,nan,nan,nan,nan,nan,nan,nan,nan,nan,nan,nan,nan,nan,nan,nan,nan,nan,nan,nan,nan,nan,nan,nan,nan,nan,nan,nan,nan,nan,nan,nan,nan,nan,nan,nan
Immunization measles (% of children ages 12-23 months),nan,90,90,90,89,89,90,90,89,88,90,91,93,94,93,94,94,95,95,95,96,96,96,96,97,96,97,96,94,92,89,87,85,70,nan,nan,nan,nan,nan,nan,nan,nan,nan,nan,nan,nan,nan,nan,nan,nan,nan,nan,nan,nan,nan,nan,nan,nan,nan,nan,nan
Individuals using the Internet (% of population),nan,nan,nan,92.70137191,91.16,90,87.12,85.8,83,83,80.3,80.3,76.7,73.2,72.4,71.66,65.95596346,64.2,61.59329927,60.2,51.3,36.18644004,24.8974003,15.07235736,6.76023965,4.163525253,2.378693853,1.184557509,0.91598104,0.570385926,0.360999701,nan,nan,nan,nan,nan,nan,nan,nan,nan,nan,nan,nan,nan,nan,nan,nan,nan,nan,nan,nan,nan,nan,nan,nan,nan,nan,nan,nan,nan,nan
Inflation GDP deflator (annual %),nan,1.910662304,1.814597851,2.457214651,0.75403003,-0.876717545,1.944598697,1.737448,1.448718121,3.236382097,2.868094317,-2.31557275,3.997498648,-1.327450349,1.094007757,1.384087186,2.45711877,1.258027593,0.840776571,2.024166951,4.604821829,3.073119887,0.873573522,9.687557719,1.736416824,2.244376461,1.469377332,1.297392794,1.484081402,3.052509026,3.412677545,4.720497306,4.563760174,4.784693466,3.084258721,3.325083204,3.54446642,5.759764973,8.821427606,10.80767408,10.0792267,10.08494202,6.880652744,6.817274807,8.794364801,11.0898117,15.65614977,9.818604583,5.836060037,4.980483392,-3.741473646,4.8281626,4.058720858,4.409081595,4.951353868,3.785067302,2.833782707,2.144431819,1.306770807,2.44442708,nan
Insurance and financial services (% of commercial service exports),nan,10.1940191,10.53543985,10.34649167,10.83161362,11.35035679,10.64114897,10.41020004,10.32876276,11.12044524,9.7652413,8.57336281,8.272229339,8.785863875,7.999996149,6.969346816,6.019284967,6.671790431,6.540513451,6.2037855,6.14145708,6.500162043,7.542771866,7.63298186,7.733378433,8.668159926,9.951581982,10.25127019,10.01039703,9.524193801,9.241245462,9.036059671,8.481047264,9.779379224,10.08914631,13.32997348,12.52224423,12.99921004,13.14469556,10.72714496,nan,nan,nan,nan,nan,nan,nan,nan,nan,nan,nan,nan,nan,nan,nan,nan,nan,nan,nan,nan,nan
Intentional homicides (per 100000 people),nan,nan,1.755921136,1.796793981,1.682106961,1.693190167,1.463646963,1.442067897,1.569209992,1.754530423,1.628227324,1.807616663,1.841762155,1.812892765,1.868642199,2.064399759,1.964451907,1.743518794,1.866685312,1.794037268,1.784991614,1.778730482,1.861963053,1.970252681,2.152229866,2.012744893,2.065089544,2.19280086,2.597042773,2.703593014,2.385506317,nan,nan,nan,nan,nan,nan,nan,nan,nan,nan,nan,nan,nan,nan,nan,nan,nan,nan,nan,nan,nan,nan,nan,nan,nan,nan,nan,nan,nan,nan
International tourism receipts (% of total exports),nan,nan,nan,nan,nan,nan,nan,nan,nan,3.656701281,3.929356745,3.973054321,3.395432226,3.580550311,3.621793986,3.688259963,3.964882814,3.717524742,4.201244308,4.0936219,3.971326117,4.245032332,4.367412577,4.173417492,4.318267047,4.205964582,nan,nan,nan,nan,nan,nan,nan,nan,nan,nan,nan,nan,nan,nan,nan,nan,nan,nan,nan,nan,nan,nan,nan,nan,nan,nan,nan,nan,nan,nan,nan,nan,nan,nan,nan
Labor force participation rate male (% of male population ages 15+) (national estimate),68.65000153,70.09999847,69.63999939,70.16000366,70.26999664,70.59999847,70.55999756,70.87000275,71.01999664,71.40000153,71.55999756,71.91000366,72.73000336,72.54000092,72.31999969,72.80000305,73.16999817,73.41000366,73.01000214,72.26999664,72.34999847,72.38999939,72.12000275,72.23000336,72.16999817,72.45999908,73.09999847,73.30999756,73.86000061,75.04000092,76.12000275,76.76000214,76.62999725,76.84999847,76.84999847,76.73000336,76.69999695,76.86000061,77.05000305,78.44999695,78.33000183,78.34999847,77.93000031,77.55999756,77.66999817,nan,nan,nan,nan,76.38999939,nan,nan,nan,nan,nan,nan,nan,nan,nan,78.13999939,nan
Labor force participation rate female (% of female population ages 15+) (national estimate),59.52000046,61.45000076,61.29999924,61.47999954,61.27999878,61.22000122,61.54999924,62.16999817,62.13000107,62.15999985,62.40999985,62.43000031,62.54999924,62.50999832,61.88000107,61.65999985,61.99000168,61.88999939,60.90999985,59.75,59.40000153,58.90999985,58.38000107,57.79000092,57.47000122,57.47999954,57.52000046,57.65999985,57.84000015,58.43000031,58.5,58.11000061,57.41999817,56.45999908,55.72000122,54.93000031,53.77000046,52.97000122,52.13000107,52.02000046,50.59999847,49.38000107,47.93999863,46.52999878,45.70000076,nan,nan,nan,nan,39.90999985,nan,nan,nan,nan,nan,nan,nan,nan,nan,29.70999908,nan
Life expectancy at birth female (years),nan,nan,84.1,84.1,84,84,83.9,83.9,83.8,83.6,83.5,83.3,83,82.9,82.7,82.6,82.3,82.2,82,81.9,81.8,81.6,81.4,81.3,81.1,81,80.9,81,80.9,80.9,80.7,80.5,80.3,80.1,79.9,79.8,79.7,79.6,79.4,79.1,78.73,78.59,78.32,77.97,77.59,77.23,76.91,76.83,76.55,76.63,76.25,76.01,75.78,75.66,75.39,75.14,75.08,74.5,74.43,74.45,74.15
Life expectancy at birth male (years),nan,nan,79.9,79.9,79.9,79.9,79.8,79.7,79.6,79.4,79.1,78.8,78.5,78.3,78.1,77.9,77.6,77.4,77.1,76.9,76.6,76.3,76,75.7,75.4,75.2,74.9,74.8,74.7,74.5,74.3,73.9,73.7,73.5,73.3,73.1,72.9,72.7,72.3,72,71.6,71.32,70.92,70.64,70.3,69.99,69.74,69.67,69.49,69.6,69.32,69.16,69.09,68.92,68.78,68.76,68.63,68.41,68.45,68.39,68.26
Low-birthweight babies (% of births),nan,nan,nan,nan,nan,6.3826098,6.3039384,6.2423706,6.1946039,6.1573453,6.1272964,6.1011519,6.0756211,6.0473971,6.013186,5.969686,5.9136033,5.8416333,5.7504816,5.6368446,5.4974284,nan,nan,nan,nan,nan,nan,nan,nan,nan,nan,nan,nan,nan,nan,nan,nan,nan,nan,nan,nan,nan,nan,nan,nan,nan,nan,nan,nan,nan,nan,nan,nan,nan,nan,nan,nan,nan,nan,nan,nan
Machinery and transport equipment (% of value added in manufacturing),nan,nan,24.89164882,24.89164882,25.64610933,26.74141245,26.04411316,25.50945916,25.57628873,25.04964545,24.78950017,24.96910261,25.34216596,27.16515334,26.06846511,26.47099657,25.98950453,27.25724098,28.67950997,28.99207321,31.7377671,33.12090121,29.19236805,28.63740773,27.05319639,26.55484815,25.89111307,25.29884473,23.79273149,23.11744272,22.86452411,19.69641147,18.56657865,17.75827144,19.05204461,20.21308079,20.00637823,18.2319089,17.49386419,17.80760626,16.49263339,17.56840796,17.42006615,16.94440884,16.58519389,16.68820762,16.58035216,16.71866875,17.10217433,16.90456682,16.66044428,18.23817292,17.6615511,17.43129433,16.17391304,15.85288523,14.52631579,14.13043478,nan,nan,nan
Manufactures exports (% of merchandise exports),nan,47.91006439,47.66704556,48.7419331,52.67569955,50.70741387,44.11329665,45.48990803,46.68835818,44.34810412,47.32894011,48.9832628,46.25459483,52.79847667,55.29380641,57.43724958,60.16701531,60.79712114,62.95997217,63.44130162,64.87260331,66.66073861,65.41590814,62.47854903,61.81194394,62.05279058,61.8311135,61.10613216,58.87378273,58.45803165,57.83568046,59.61758715,59.4312487,60.56196618,62.99234515,59.51228926,57.72186846,54.74515152,53.45678935,51.19085945,48.12167025,50.70243373,53.98836367,50.76215282,48.62686345,46.32242399,44.06526319,47.75518424,51.49755212,51.66468221,50.6084432,53.44817579,48.88321891,45.77265719,40.61631127,36.18787955,34.30288987,32.79098397,31.39279975,nan,nan
Medium and high-tech exports (% manufactured exports),nan,nan,55.72761855,56.64926488,60.00085546,59.12964301,56.63432822,56.62544546,56.991188,54.48308369,55.72266176,56.6825519,55.3190559,57.98712305,57.88762099,58.27161878,57.95151315,59.93839271,60.85326095,60.80728362,62.11423664,63.06815951,61.54419193,60.19286366,59.03243435,58.61989433,60.82900013,59.7445753,59.12303063,58.57978387,57.54895991,nan,nan,nan,nan,nan,nan,nan,nan,nan,nan,nan,nan,nan,nan,nan,nan,nan,nan,nan,nan,nan,nan,nan,nan,nan,nan,nan,nan,nan,nan
Merchandise trade (% of GDP),nan,52.43737391,53.6810619,52.38665959,52.53947753,53.99203516,52.76415177,50.56792391,50.9593393,51.15456188,48.97356203,47.11370632,56.51438657,55.35110071,56.80168524,58.39837003,58.31654443,58.01996902,63.3145419,66.15458689,70.24440028,67.83609721,66.53753786,63.61516285,59.94641083,59.70266887,55.42747421,49.24244586,44.51426064,41.28025,42.23952144,42.7610909,45.29694078,44.22758993,46.58328887,47.04234202,47.29149625,41.5618708,41.26293702,46.61302143,47.57209408,47.28473517,43.31919581,40.46459391,39.1338637,40.37241737,42.8630125,38.95010356,36.45381307,35.10155272,35.35196858,35.84279129,35.43236411,33.22589725,32.8491256,31.35823844,31.26726311,29.36265458,29.4429351,29.67390796,29.38826996
Methane emissions (% change from 1990),nan,nan,nan,nan,nan,nan,nan,nan,38.46802484,36.96587398,35.46430631,34.55714165,39.76815463,39.93014832,39.90293338,40.63514485,48.38621887,44.02794067,38.43203069,33.55148483,32.40716142,35.79218154,48.96680425,27.18733598,26.88589813,42.06457716,35.38395744,15.84479709,8.082966688,5.586190362,nan,nan,nan,nan,nan,nan,nan,nan,nan,nan,nan,nan,nan,nan,nan,nan,nan,nan,nan,nan,nan,nan,nan,nan,nan,nan,nan,nan,nan,nan,nan
Mortality rate infant (per 1000 live births),nan,4.2,4.3,4.4,4.5,4.6,4.7,4.7,4.8,4.8,4.9,5,5,5.1,5.1,5.2,5.2,5.2,5.2,5.2,5.3,5.3,5.4,5.5,5.6,5.8,6,6.2,6.4,6.6,6.8,7,7.3,7.5,7.7,8,8.3,8.7,9.2,9.7,10.3,11,11.7,12.5,13.3,14.1,15,15.9,16.7,17.6,18.5,19.4,20.3,21.2,22.1,23.1,24,25,26,26.9,27.8
Number of deaths ages 5-9 years,nan,144,152,160,168,174,174,168,163,162,164,168,175,183,190,197,206,217,231,245,259,273,286,298,308,318,328,341,354,368,380,nan,nan,nan,nan,nan,nan,nan,nan,nan,nan,nan,nan,nan,nan,nan,nan,nan,nan,nan,nan,nan,nan,nan,nan,nan,nan,nan,nan,nan,nan
Part time employment total (% of total employment),42.27000046,41.86999893,38.40999985,40.90000153,40,40.36000061,42.77000046,40.09999847,38.88999939,40.25999832,41.11999893,42.61000061,39.45000076,38.25,39.65000153,38.20000076,39.52000046,41.24000168,38,37.24000168,33.88999939,35.72000122,36.95000076,35.56999969,35.86999893,37.15999985,36.09000015,38.04000092,39.61000061,36.02999878,32.50999832,30.65999985,34.22999954,37.41999817,34.90000153,35.00999832,35,35.5,36.31999969,36.97999954,33.02000046,29.70999908,30.45000076,33.56999969,34.31999969,nan,nan,nan,nan,nan,nan,nan,nan,nan,nan,nan,nan,nan,nan,nan,nan
People using safely managed sanitation services (% of population),nan,nan,nan,82.31639797,82.36354589,82.41073348,82.45789272,82.50503468,82.55214468,82.59921928,81.96853657,81.33689565,80.70437827,80.07097783,79.43668931,78.80166835,78.15762315,77.47754472,76.79748907,76.79739612,76.79699787,nan,nan,nan,nan,nan,nan,nan,nan,nan,nan,nan,nan,nan,nan,nan,nan,nan,nan,nan,nan,nan,nan,nan,nan,nan,nan,nan,nan,nan,nan,nan,nan,nan,nan,nan,nan,nan,nan,nan,nan
Physicians (per 1000 people),nan,nan,nan,2.6102,2.3105,2.5388,2.4961,2.4509,2.3962,nan,2.0384,nan,1.959,nan,1.9086,nan,1.8971,nan,1.8969,1.8871,nan,2.1,1.8611,2.1,2.1,2.1,2.1,2.2,2.1,2.1,2.1,2.1,2.1,2.1,2,2,1.9,1.9,1.9,1.8,1.8,1.8,1.8,1.7,1.7,1.7,1.6,1.6,1.6,1.5,1.4,1.4,1.3,1.3,1.3,1.3,1.3,1.3,1.2,1.1,nan
Population ages 0-14 (% of total population),nan,15.84589974,15.87025087,15.87003682,15.89803453,15.99148087,16.0615435,16.16725872,16.29672158,16.41526361,16.48857588,16.67641051,16.8917276,17.1356755,17.40097815,17.67594634,17.9798937,18.27008457,18.54677087,18.83724498,19.163674,19.45613095,19.75788947,20.0413437,20.25738024,20.37700599,20.52211146,20.60197842,20.63313708,20.65274567,20.69240039,20.78206216,20.88806569,21.01053411,21.14214271,21.27996672,21.47765736,21.6967995,21.95947174,22.30745397,22.75563313,23.31718922,24.00086153,24.76237272,25.50740142,26.17211347,26.99701568,27.76581126,28.49975403,29.27128091,30.13029276,30.85992495,31.58510176,32.27003846,32.85361199,33.29124036,33.57508708,33.76458681,33.86012338,33.85000102,33.72722813
Population ages 65 and above male (% of male population),nan,16.340662,15.92393286,15.53174149,15.13682862,14.72072148,14.26639215,13.81727345,13.39146789,13.01205967,12.68735309,12.38592966,12.1268873,11.90305144,11.70308451,11.51766611,11.36534634,11.23847995,11.12509373,11.00704104,10.8703368,10.75174451,10.61849145,10.47397865,10.32807598,10.18539162,10.05813615,9.932965276,9.804067243,9.663534071,9.505347908,9.341832533,9.172037933,9.001081268,8.838055869,8.687454692,8.562089973,8.455805208,8.359251817,8.253951314,8.126189446,8.018313481,7.888534841,7.742693223,7.596911707,7.46136263,7.391503082,7.339656782,7.298220211,7.251623497,7.188329695,7.178114267,7.170535442,7.169298207,7.180065372,7.203926412,7.233325631,7.271651398,7.314058599,7.353859638,7.385161149
Population growth (annual %),nan,1.424051307,1.397947791,1.194280492,1.132348655,0.746339478,1.005337579,1.056591259,1.085817263,0.978697787,1.111864075,1.141758099,1.082907116,0.971135141,1.010334503,0.944466927,0.933020777,0.901372739,1.087447927,1.086350966,0.931281553,0.812842624,0.829909353,0.993788591,1.045311783,1.034769484,1.095258107,1.098930879,1.183675541,1.242761231,1.507660673,1.794193515,1.29662489,1.318167782,0.994040151,0.913774275,0.944034716,0.988487567,1.189624341,1.233397255,1.289594978,0.989698733,0.995456944,1.170256878,1.315806566,1.459424913,1.396021669,1.222616584,1.160846567,2.948194528,1.3978316,1.359783472,1.613408503,1.799356505,1.862813771,1.810166597,1.885714943,1.862845928,1.859888233,2.00112211,nan
Probability of dying among youth ages 20-24 years (per 1000),nan,2.9,2.9,2.8,2.7,2.7,2.6,2.6,2.6,2.6,2.6,2.7,2.7,2.8,2.8,2.9,2.9,3,3,3,3.1,3.1,3.2,3.3,3.3,3.4,3.5,3.6,3.7,3.9,4.1,nan,nan,nan,nan,nan,nan,nan,nan,nan,nan,nan,nan,nan,nan,nan,nan,nan,nan,nan,nan,nan,nan,nan,nan,nan,nan,nan,nan,nan,nan
Ratio of female to male labor force participation rate (%) (national estimate),86.70065424,87.66048802,88.02412374,87.62827299,87.20649168,86.71388462,87.23072756,87.72399571,87.48240496,87.05882146,87.21352987,86.8168504,86.00301987,86.17314245,85.56416113,84.69779844,84.72051829,84.30731004,83.42692517,82.67607967,82.10090225,81.37864393,80.9484177,80.00830435,79.63142951,79.32652535,78.68673277,78.65230087,78.31031638,77.86513805,76.85233564,75.70349009,74.93148927,73.46779467,72.50488266,71.58868487,70.10430586,68.9175134,67.65736405,66.3097546,64.59849009,63.02489091,61.51674379,59.99226437,58.83867882,nan,nan,nan,nan,52.24505847,nan,nan,nan,nan,nan,nan,nan,nan,nan,38.021499,nan
Researchers in R&D (per million people),nan,nan,nan,4325.64492,4369.6299,4523.09283,4541.84807,4623.11761,4627.4515,4780.08165,4646.30508,4451.47828,4715.39105,4595.39481,4323.08007,4250.05244,4098.00332,3913.5484,3719.25787,3708.21662,3527.48297,3255.43936,3171.46654,3132.90307,3071.85016,nan,nan,nan,nan,nan,nan,nan,nan,nan,nan,nan,nan,nan,nan,nan,nan,nan,nan,nan,nan,nan,nan,nan,nan,nan,nan,nan,nan,nan,nan,nan,nan,nan,nan,nan,nan
Rural population (% of total population),nan,18.518,18.589,18.65,18.7,18.741,18.782,18.822,18.863,18.904,19.063,19.242,19.422,19.604,19.787,19.878,19.955,20.033,20.112,20.19,20.522,20.897,21.276,21.66,22.049,22.325,22.586,22.848,23.113,23.38,23.418,23.438,23.458,23.478,23.498,23.646,23.805,23.965,24.126,24.288,24.337,24.377,24.417,24.457,24.497,24.389,24.269,24.149,24.029,23.91,24.346,24.839,25.338,25.845,26.358,27.108,27.893,28.693,29.506,30.332,30.939
Share of youth not in education employment or training total (% of youth population),17.93000031,12.35999966,12.84000015,12.57999992,13.5,13.81999969,13.89999962,13.47999954,13.78999996,13.61999989,14.10000038,14.35999966,12.73999977,12.31999969,12.36999989,12.77999973,13.09000015,13.18999958,13.22000027,13.32999992,13.89999962,14.22999954,15.28999996,15.89000034,16.25,16.04999924,16.70000076,17.27000046,17.37999916,16.89999962,15.17000008,14.02000046,14.61999989,15.90999985,17.26000023,18.35000038,20.06999969,21.75,21.95999908,18.04000092,18.45000076,18.54999924,19.76000023,20.17000008,19.68000031,nan,nan,nan,nan,nan,nan,nan,nan,nan,nan,nan,nan,nan,nan,nan,nan
Stocks traded total value (% of GDP),nan,82.50080082,80.03756896,77.55419843,75.47009949,70.44846543,74.53204092,71.65305996,73.72188367,82.41163255,87.07870531,97.21060196,97.0175871,119.1142478,94.04960672,79.7112395,69.04773153,56.76358948,59.16766257,60.55987052,84.66808391,58.08047218,56.45672885,51.76862083,42.157859,30.36357583,27.00768925,23.10558136,12.77969164,12.01571416,11.47023917,15.81795974,13.5560363,21.62088574,15.15074556,10.68967107,7.121607852,8.271792476,5.252905022,7.735329931,9.916348565,7.437048434,4.646602368,3.150575134,3.083065513,2.996450125,nan,nan,nan,nan,nan,nan,nan,nan,nan,nan,nan,nan,nan,nan,nan
Survival to age 65 female (% of cohort),nan,nan,92.2575774,92.163931,92.0936046,92.0232782,91.9529518,91.8826254,91.812299,91.6387726,91.4652462,91.2917198,91.1181934,90.944667,90.8129298,90.6811926,90.5494554,90.4177182,90.285981,90.1336168,89.9812526,89.8288884,89.6765242,89.52416,89.3624642,89.2007684,89.0390726,88.8773768,88.715681,88.53571,88.355739,88.175768,87.995797,87.815826,87.5965226,87.3772192,87.1579158,86.9386124,86.719309,86.3839714,86.0486338,85.7132962,85.3779586,85.042621,84.7309756,84.4193302,84.1076848,83.7960394,83.484394,83.2553732,83.0263524,82.7973316,82.5683108,82.33929,82.1230428,81.9067956,81.6905484,81.4743012,81.258054,80.8871096,80.5161652
Taxes on income profits and capital gains (% of revenue),nan,55.44231954,55.05176819,54.91202346,54.36307462,54.01113956,54.07004134,53.13947233,53.04289798,53.80839624,52.77041583,53.50267418,55.16834103,54.83316273,54.45306799,53.11424704,52.51428298,50.34811485,50.25606481,52.88810379,54.44071487,53.73077015,52.55682109,51.82581798,51.08830389,48.82156129,47.98654842,47.91593435,48.28145288,49.1085088,51.73285725,nan,nan,nan,nan,nan,nan,nan,nan,nan,nan,nan,nan,nan,nan,nan,nan,nan,nan,nan,nan,nan,nan,nan,nan,nan,nan,nan,nan,nan,nan
Unemployment with advanced education (% of total labor force with advanced education),7.480000019,4.409999847,4.619999886,5.019999981,5.460000038,5.230000019,5.239999771,5.239999771,5.489999771,5.539999962,5.96999979,6.179999828,4.539999962,4.400000095,4.659999847,5.039999962,5.320000172,5.639999866,5.610000134,5.320000172,4.699999809,5.300000191,5.75,6.460000038,7.019999981,6.840000153,7.650000095,8.199999809,7.889999866,7.03000021,5.440000057,nan,nan,nan,nan,nan,nan,nan,nan,nan,nan,nan,nan,nan,nan,nan,nan,nan,nan,nan,nan,nan,nan,nan,nan,nan,nan,nan,nan,nan,nan
Unemployment total (% of total labor force) (national estimate),9.460000038,5.659999847,5.829999924,6.340000153,7,6.909999847,6.909999847,7.070000172,7.289999962,7.510000229,8.06000042,8.340000153,6.139999866,6.039999962,6.320000172,6.760000229,7.190000057,7.570000172,7.659999847,7.21999979,6.829999924,7.579999924,8.279999733,9.100000381,9.619999886,9.489999771,10.39999962,11.38000011,11.19999981,10.31999969,8.130000114,7.550000191,7.760000229,8.819999695,9.590000153,10.5,11.34000015,12.02000046,11.03999996,7.610000134,7.539999962,7.53000021,8.380000114,8.050000191,7.090000153,nan,5.400000095,5.599999905,6.300000191,6.400000095,5.900000095,4.699999809,nan,nan,nan,nan,nan,nan,nan,nan,nan
Urban population (% of total population),nan,81.482,81.411,81.35,81.3,81.259,81.218,81.178,81.137,81.096,80.937,80.758,80.578,80.396,80.213,80.122,80.045,79.967,79.888,79.81,79.478,79.103,78.724,78.34,77.951,77.675,77.414,77.152,76.887,76.62,76.582,76.562,76.542,76.522,76.502,76.354,76.195,76.035,75.874,75.712,75.663,75.623,75.583,75.543,75.503,75.611,75.731,75.851,75.971,76.09,75.654,75.161,74.662,74.155,73.642,72.892,72.107,71.307,70.494,69.668,69.061